"","year","week","zone","spp","mosq","n_trap","abund"
"1",2019,23,"LV","All",54,12,4.5
"2",2019,23,"LV","Pipiens",15,12,1.25
"3",2019,23,"LV","Tarsalis",39,12,3.25
"4",2019,23,"NE","All",16,5,3.2
"5",2019,23,"NE","Tarsalis",16,5,3.2
"6",2019,23,"SE","All",23,4,5.75
"7",2019,23,"SE","Tarsalis",23,4,5.75
"8",2019,24,"BE","All",5,1,5
"9",2019,24,"BE","Tarsalis",5,1,5
"10",2019,24,"LV","All",60,13,4.62
"11",2019,24,"LV","Pipiens",2,13,0.15
"12",2019,24,"LV","Tarsalis",58,13,4.46
"13",2019,24,"NE","All",6,2,3
"14",2019,24,"NE","Tarsalis",6,2,3
"15",2019,24,"NW","All",2,1,2
"16",2019,24,"NW","Tarsalis",2,1,2
"17",2019,24,"SE","All",9,2,4.5
"18",2019,24,"SE","Tarsalis",9,2,4.5
"19",2019,24,"SW","All",5,1,5
"20",2019,24,"SW","Pipiens",5,1,5
"21",2019,25,"BE","All",4,1,4
"22",2019,25,"BE","Tarsalis",4,1,4
"23",2019,25,"LV","All",55,17,3.24
"24",2019,25,"LV","Pipiens",3,17,0.18
"25",2019,25,"LV","Tarsalis",52,17,3.06
"26",2019,25,"NE","All",9,2,4.5
"27",2019,25,"NE","Tarsalis",9,2,4.5
"28",2019,25,"NW","All",2,1,2
"29",2019,25,"NW","Pipiens",1,1,1
"30",2019,25,"NW","Tarsalis",1,1,1
"31",2019,25,"SE","All",164,10,16.4
"32",2019,25,"SE","Pipiens",5,10,0.5
"33",2019,25,"SE","Tarsalis",159,10,15.9
"34",2019,25,"SW","All",6,1,6
"35",2019,25,"SW","Tarsalis",6,1,6
"36",2019,26,"BE","All",14,2,7
"37",2019,26,"BE","Pipiens",1,2,0.5
"38",2019,26,"BE","Tarsalis",13,2,6.5
"39",2019,26,"LV","All",350,30,11.67
"40",2019,26,"LV","Pipiens",20,30,0.67
"41",2019,26,"LV","Tarsalis",330,30,11
"42",2019,26,"NE","All",276,9,30.67
"43",2019,26,"NE","Pipiens",4,9,0.44
"44",2019,26,"NE","Tarsalis",272,9,30.22
"45",2019,26,"NW","All",29,3,9.67
"46",2019,26,"NW","Pipiens",2,3,0.67
"47",2019,26,"NW","Tarsalis",27,3,9
"48",2019,26,"SE","All",341,11,31
"49",2019,26,"SE","Pipiens",2,11,0.18
"50",2019,26,"SE","Tarsalis",339,11,30.82
"51",2019,26,"SW","All",11,2,5.5
"52",2019,26,"SW","Tarsalis",11,2,5.5
"53",2019,27,"BE","All",168,4,42
"54",2019,27,"BE","Tarsalis",168,4,42
"55",2019,27,"LV","All",1137,28,40.61
"56",2019,27,"LV","Pipiens",40,28,1.43
"57",2019,27,"LV","Tarsalis",1097,28,39.18
"58",2019,27,"NE","All",412,10,41.2
"59",2019,27,"NE","Pipiens",16,10,1.6
"60",2019,27,"NE","Tarsalis",396,10,39.6
"61",2019,27,"NW","All",73,4,18.25
"62",2019,27,"NW","Tarsalis",73,4,18.25
"63",2019,27,"SE","All",1209,15,80.6
"64",2019,27,"SE","Pipiens",26,15,1.73
"65",2019,27,"SE","Tarsalis",1183,15,78.87
"66",2019,27,"SW","All",31,4,7.75
"67",2019,27,"SW","Pipiens",1,4,0.25
"68",2019,27,"SW","Tarsalis",30,4,7.5
"69",2019,28,"BE","All",364,5,72.8
"70",2019,28,"BE","Tarsalis",364,5,72.8
"71",2019,28,"LV","All",1334,33,40.42
"72",2019,28,"LV","Pipiens",136,33,4.12
"73",2019,28,"LV","Tarsalis",1198,33,36.3
"74",2019,28,"NE","All",709,10,70.9
"75",2019,28,"NE","Pipiens",44,10,4.4
"76",2019,28,"NE","Tarsalis",665,10,66.5
"77",2019,28,"NW","All",128,7,18.29
"78",2019,28,"NW","Pipiens",19,7,2.71
"79",2019,28,"NW","Tarsalis",109,7,15.57
"80",2019,28,"SE","All",926,15,61.73
"81",2019,28,"SE","Pipiens",24,15,1.6
"82",2019,28,"SE","Tarsalis",902,15,60.13
"83",2019,28,"SW","All",136,8,17
"84",2019,28,"SW","Tarsalis",136,8,17
"85",2019,29,"BE","All",309,5,61.8
"86",2019,29,"BE","Pipiens",7,5,1.4
"87",2019,29,"BE","Tarsalis",302,5,60.4
"88",2019,29,"LV","All",1074,29,37.03
"89",2019,29,"LV","Pipiens",101,29,3.48
"90",2019,29,"LV","Tarsalis",973,29,33.55
"91",2019,29,"NE","All",380,10,38
"92",2019,29,"NE","Pipiens",24,10,2.4
"93",2019,29,"NE","Tarsalis",356,10,35.6
"94",2019,29,"NW","All",68,6,11.33
"95",2019,29,"NW","Pipiens",9,6,1.5
"96",2019,29,"NW","Tarsalis",59,6,9.83
"97",2019,29,"SE","All",868,15,57.87
"98",2019,29,"SE","Pipiens",49,15,3.27
"99",2019,29,"SE","Tarsalis",819,15,54.6
"100",2019,29,"SW","All",112,7,16
"101",2019,29,"SW","Pipiens",2,7,0.29
"102",2019,29,"SW","Tarsalis",110,7,15.71
"103",2019,30,"BE","All",354,5,70.8
"104",2019,30,"BE","Pipiens",33,5,6.6
"105",2019,30,"BE","Tarsalis",321,5,64.2
"106",2019,30,"LV","All",2691,36,74.75
"107",2019,30,"LV","Pipiens",134,36,3.72
"108",2019,30,"LV","Tarsalis",2557,36,71.03
"109",2019,30,"NE","All",1429,10,142.9
"110",2019,30,"NE","Pipiens",125,10,12.5
"111",2019,30,"NE","Tarsalis",1304,10,130.4
"112",2019,30,"NW","All",480,8,60
"113",2019,30,"NW","Pipiens",86,8,10.75
"114",2019,30,"NW","Tarsalis",394,8,49.25
"115",2019,30,"SE","All",1644,15,109.6
"116",2019,30,"SE","Pipiens",120,15,8
"117",2019,30,"SE","Tarsalis",1524,15,101.6
"118",2019,30,"SW","All",148,9,16.44
"119",2019,30,"SW","Pipiens",4,9,0.44
"120",2019,30,"SW","Tarsalis",144,9,16
"121",2019,31,"BE","All",452,5,90.4
"122",2019,31,"BE","Pipiens",38,5,7.6
"123",2019,31,"BE","Tarsalis",414,5,82.8
"124",2019,31,"LV","All",2248,37,60.76
"125",2019,31,"LV","Pipiens",140,37,3.78
"126",2019,31,"LV","Tarsalis",2108,37,56.97
"127",2019,31,"NE","All",1053,10,105.3
"128",2019,31,"NE","Pipiens",61,10,6.1
"129",2019,31,"NE","Tarsalis",992,10,99.2
"130",2019,31,"NW","All",434,9,48.22
"131",2019,31,"NW","Pipiens",70,9,7.78
"132",2019,31,"NW","Tarsalis",364,9,40.44
"133",2019,31,"SE","All",1275,15,85
"134",2019,31,"SE","Pipiens",137,15,9.13
"135",2019,31,"SE","Tarsalis",1138,15,75.87
"136",2019,31,"SW","All",221,8,27.62
"137",2019,31,"SW","Pipiens",7,8,0.88
"138",2019,31,"SW","Tarsalis",214,8,26.75
"139",2019,32,"BE","All",427,5,85.4
"140",2019,32,"BE","Pipiens",24,5,4.8
"141",2019,32,"BE","Tarsalis",403,5,80.6
"142",2019,32,"LV","All",1626,36,45.17
"143",2019,32,"LV","Pipiens",234,36,6.5
"144",2019,32,"LV","Tarsalis",1392,36,38.67
"145",2019,32,"NE","All",734,10,73.4
"146",2019,32,"NE","Pipiens",110,10,11
"147",2019,32,"NE","Tarsalis",624,10,62.4
"148",2019,32,"NW","All",461,8,57.62
"149",2019,32,"NW","Pipiens",68,8,8.5
"150",2019,32,"NW","Tarsalis",393,8,49.12
"151",2019,32,"SE","All",1638,14,117
"152",2019,32,"SE","Pipiens",137,14,9.79
"153",2019,32,"SE","Tarsalis",1501,14,107.21
"154",2019,32,"SW","All",260,7,37.14
"155",2019,32,"SW","Pipiens",23,7,3.29
"156",2019,32,"SW","Tarsalis",237,7,33.86
"157",2019,33,"BE","All",277,5,55.4
"158",2019,33,"BE","Pipiens",25,5,5
"159",2019,33,"BE","Tarsalis",252,5,50.4
"160",2019,33,"LV","All",1725,36,47.92
"161",2019,33,"LV","Pipiens",555,36,15.42
"162",2019,33,"LV","Tarsalis",1170,36,32.5
"163",2019,33,"NE","All",493,9,54.78
"164",2019,33,"NE","Pipiens",132,9,14.67
"165",2019,33,"NE","Tarsalis",361,9,40.11
"166",2019,33,"NW","All",366,8,45.75
"167",2019,33,"NW","Pipiens",86,8,10.75
"168",2019,33,"NW","Tarsalis",280,8,35
"169",2019,33,"SE","All",565,15,37.67
"170",2019,33,"SE","Pipiens",115,15,7.67
"171",2019,33,"SE","Tarsalis",450,15,30
"172",2019,33,"SW","All",303,9,33.67
"173",2019,33,"SW","Pipiens",6,9,0.67
"174",2019,33,"SW","Tarsalis",297,9,33
"175",2019,34,"BE","All",89,3,29.67
"176",2019,34,"BE","Pipiens",12,3,4
"177",2019,34,"BE","Tarsalis",77,3,25.67
"178",2019,34,"LV","All",978,36,27.17
"179",2019,34,"LV","Pipiens",291,36,8.08
"180",2019,34,"LV","Tarsalis",687,36,19.08
"181",2019,34,"NE","All",631,10,63.1
"182",2019,34,"NE","Pipiens",129,10,12.9
"183",2019,34,"NE","Tarsalis",502,10,50.2
"184",2019,34,"NW","All",270,9,30
"185",2019,34,"NW","Pipiens",61,9,6.78
"186",2019,34,"NW","Tarsalis",209,9,23.22
"187",2019,34,"SE","All",577,15,38.47
"188",2019,34,"SE","Pipiens",162,15,10.8
"189",2019,34,"SE","Tarsalis",415,15,27.67
"190",2019,34,"SW","All",131,9,14.56
"191",2019,34,"SW","Tarsalis",131,9,14.56
"192",2019,35,"BE","All",90,5,18
"193",2019,35,"BE","Pipiens",13,5,2.6
"194",2019,35,"BE","Tarsalis",77,5,15.4
"195",2019,35,"LV","All",399,16,24.94
"196",2019,35,"LV","Pipiens",107,16,6.69
"197",2019,35,"LV","Tarsalis",292,16,18.25
"198",2019,35,"NE","All",496,10,49.6
"199",2019,35,"NE","Pipiens",187,10,18.7
"200",2019,35,"NE","Tarsalis",309,10,30.9
"201",2019,35,"NW","All",165,7,23.57
"202",2019,35,"NW","Pipiens",35,7,5
"203",2019,35,"NW","Tarsalis",130,7,18.57
"204",2019,35,"SE","All",426,14,30.43
"205",2019,35,"SE","Pipiens",79,14,5.64
"206",2019,35,"SE","Tarsalis",347,14,24.79
"207",2019,35,"SW","All",261,9,29
"208",2019,35,"SW","Pipiens",21,9,2.33
"209",2019,35,"SW","Tarsalis",240,9,26.67
"210",2019,36,"NW","All",239,8,29.88
"211",2019,36,"NW","Pipiens",56,8,7
"212",2019,36,"NW","Tarsalis",183,8,22.88
"213",2019,36,"SE","All",40,2,20
"214",2019,36,"SE","Pipiens",6,2,3
"215",2019,36,"SE","Tarsalis",34,2,17
"216",2019,36,"SW","All",161,9,17.89
"217",2019,36,"SW","Pipiens",22,9,2.44
"218",2019,36,"SW","Tarsalis",139,9,15.44
"219",2020,23,"BE","All",3,2,1.5
"220",2020,23,"BE","Pipiens",1,2,0.5
"221",2020,23,"BE","Tarsalis",2,2,1
"222",2020,23,"LV","All",43,10,4.3
"223",2020,23,"LV","Pipiens",3,10,0.3
"224",2020,23,"LV","Tarsalis",40,10,4
"225",2020,23,"NE","All",10,6,1.67
"226",2020,23,"NE","Pipiens",2,6,0.33
"227",2020,23,"NE","Tarsalis",8,6,1.33
"228",2020,23,"NW","All",14,4,3.5
"229",2020,23,"NW","Pipiens",8,4,2
"230",2020,23,"NW","Tarsalis",6,4,1.5
"231",2020,24,"BE","All",11,4,2.75
"232",2020,24,"BE","Tarsalis",11,4,2.75
"233",2020,24,"LV","All",136,24,5.67
"234",2020,24,"LV","Pipiens",12,24,0.5
"235",2020,24,"LV","Tarsalis",124,24,5.17
"236",2020,24,"NE","All",45,10,4.5
"237",2020,24,"NE","Pipiens",10,10,1
"238",2020,24,"NE","Tarsalis",35,10,3.5
"239",2020,24,"NW","All",19,3,6.33
"240",2020,24,"NW","Pipiens",1,3,0.33
"241",2020,24,"NW","Tarsalis",18,3,6
"242",2020,24,"SE","All",111,15,7.4
"243",2020,24,"SE","Pipiens",8,15,0.53
"244",2020,24,"SE","Tarsalis",103,15,6.87
"245",2020,24,"SW","All",15,5,3
"246",2020,24,"SW","Pipiens",3,5,0.6
"247",2020,24,"SW","Tarsalis",12,5,2.4
"248",2020,25,"BE","All",10,2,5
"249",2020,25,"BE","Pipiens",3,2,1.5
"250",2020,25,"BE","Tarsalis",7,2,3.5
"251",2020,25,"LV","All",244,27,9.04
"252",2020,25,"LV","Pipiens",23,27,0.85
"253",2020,25,"LV","Tarsalis",221,27,8.19
"254",2020,25,"NE","All",47,10,4.7
"255",2020,25,"NE","Pipiens",9,10,0.9
"256",2020,25,"NE","Tarsalis",38,10,3.8
"257",2020,25,"NW","All",21,5,4.2
"258",2020,25,"NW","Pipiens",11,5,2.2
"259",2020,25,"NW","Tarsalis",10,5,2
"260",2020,25,"SE","All",223,14,15.93
"261",2020,25,"SE","Pipiens",16,14,1.14
"262",2020,25,"SE","Tarsalis",207,14,14.79
"263",2020,25,"SW","All",26,3,8.67
"264",2020,25,"SW","Pipiens",5,3,1.67
"265",2020,25,"SW","Tarsalis",21,3,7
"266",2020,26,"BE","All",49,4,12.25
"267",2020,26,"BE","Pipiens",6,4,1.5
"268",2020,26,"BE","Tarsalis",43,4,10.75
"269",2020,26,"LV","All",452,32,14.12
"270",2020,26,"LV","Pipiens",35,32,1.09
"271",2020,26,"LV","Tarsalis",417,32,13.03
"272",2020,26,"NE","All",100,10,10
"273",2020,26,"NE","Pipiens",11,10,1.1
"274",2020,26,"NE","Tarsalis",89,10,8.9
"275",2020,26,"NW","All",54,8,6.75
"276",2020,26,"NW","Pipiens",34,8,4.25
"277",2020,26,"NW","Tarsalis",20,8,2.5
"278",2020,26,"SE","All",293,15,19.53
"279",2020,26,"SE","Pipiens",22,15,1.47
"280",2020,26,"SE","Tarsalis",271,15,18.07
"281",2020,26,"SW","All",50,6,8.33
"282",2020,26,"SW","Pipiens",14,6,2.33
"283",2020,26,"SW","Tarsalis",36,6,6
"284",2020,27,"BE","All",27,3,9
"285",2020,27,"BE","Pipiens",1,3,0.33
"286",2020,27,"BE","Tarsalis",26,3,8.67
"287",2020,27,"LV","All",1091,36,30.31
"288",2020,27,"LV","Pipiens",60,36,1.67
"289",2020,27,"LV","Tarsalis",1031,36,28.64
"290",2020,27,"NE","All",252,10,25.2
"291",2020,27,"NE","Pipiens",34,10,3.4
"292",2020,27,"NE","Tarsalis",218,10,21.8
"293",2020,27,"NW","All",112,7,16
"294",2020,27,"NW","Pipiens",28,7,4
"295",2020,27,"NW","Tarsalis",84,7,12
"296",2020,27,"SE","All",330,15,22
"297",2020,27,"SE","Pipiens",28,15,1.87
"298",2020,27,"SE","Tarsalis",302,15,20.13
"299",2020,27,"SW","All",106,8,13.25
"300",2020,27,"SW","Pipiens",20,8,2.5
"301",2020,27,"SW","Tarsalis",86,8,10.75
"302",2020,28,"BE","All",23,3,7.67
"303",2020,28,"BE","Pipiens",6,3,2
"304",2020,28,"BE","Tarsalis",17,3,5.67
"305",2020,28,"LV","All",738,35,21.09
"306",2020,28,"LV","Pipiens",70,35,2
"307",2020,28,"LV","Tarsalis",668,35,19.09
"308",2020,28,"NE","All",336,10,33.6
"309",2020,28,"NE","Pipiens",29,10,2.9
"310",2020,28,"NE","Tarsalis",307,10,30.7
"311",2020,28,"NW","All",92,7,13.14
"312",2020,28,"NW","Pipiens",48,7,6.86
"313",2020,28,"NW","Tarsalis",44,7,6.29
"314",2020,28,"SE","All",257,14,18.36
"315",2020,28,"SE","Pipiens",37,14,2.64
"316",2020,28,"SE","Tarsalis",220,14,15.71
"317",2020,28,"SW","All",150,7,21.43
"318",2020,28,"SW","Pipiens",11,7,1.57
"319",2020,28,"SW","Tarsalis",139,7,19.86
"320",2020,29,"BE","All",32,5,6.4
"321",2020,29,"BE","Pipiens",7,5,1.4
"322",2020,29,"BE","Tarsalis",25,5,5
"323",2020,29,"LV","All",758,36,21.06
"324",2020,29,"LV","Pipiens",90,36,2.5
"325",2020,29,"LV","Tarsalis",668,36,18.56
"326",2020,29,"NE","All",348,10,34.8
"327",2020,29,"NE","Pipiens",32,10,3.2
"328",2020,29,"NE","Tarsalis",316,10,31.6
"329",2020,29,"NW","All",236,8,29.5
"330",2020,29,"NW","Pipiens",37,8,4.62
"331",2020,29,"NW","Tarsalis",199,8,24.88
"332",2020,29,"SE","All",634,15,42.27
"333",2020,29,"SE","Pipiens",44,15,2.93
"334",2020,29,"SE","Tarsalis",590,15,39.33
"335",2020,29,"SW","All",94,9,10.44
"336",2020,29,"SW","Pipiens",8,9,0.89
"337",2020,29,"SW","Tarsalis",86,9,9.56
"338",2020,30,"BE","All",43,5,8.6
"339",2020,30,"BE","Pipiens",1,5,0.2
"340",2020,30,"BE","Tarsalis",42,5,8.4
"341",2020,30,"LV","All",1295,37,35
"342",2020,30,"LV","Pipiens",31,37,0.84
"343",2020,30,"LV","Tarsalis",1264,37,34.16
"344",2020,30,"NE","All",320,10,32
"345",2020,30,"NE","Pipiens",85,10,8.5
"346",2020,30,"NE","Tarsalis",235,10,23.5
"347",2020,30,"NW","All",188,9,20.89
"348",2020,30,"NW","Pipiens",92,9,10.22
"349",2020,30,"NW","Tarsalis",96,9,10.67
"350",2020,30,"SE","All",867,15,57.8
"351",2020,30,"SE","Pipiens",215,15,14.33
"352",2020,30,"SE","Tarsalis",652,15,43.47
"353",2020,30,"SW","All",209,8,26.12
"354",2020,30,"SW","Pipiens",29,8,3.62
"355",2020,30,"SW","Tarsalis",180,8,22.5
"356",2020,31,"BE","All",57,4,14.25
"357",2020,31,"BE","Pipiens",15,4,3.75
"358",2020,31,"BE","Tarsalis",42,4,10.5
"359",2020,31,"LV","All",872,36,24.22
"360",2020,31,"LV","Pipiens",58,36,1.61
"361",2020,31,"LV","Tarsalis",814,36,22.61
"362",2020,31,"NE","All",560,10,56
"363",2020,31,"NE","Pipiens",181,10,18.1
"364",2020,31,"NE","Tarsalis",379,10,37.9
"365",2020,31,"NW","All",198,9,22
"366",2020,31,"NW","Pipiens",77,9,8.56
"367",2020,31,"NW","Tarsalis",121,9,13.44
"368",2020,31,"SE","All",821,15,54.73
"369",2020,31,"SE","Pipiens",224,15,14.93
"370",2020,31,"SE","Tarsalis",597,15,39.8
"371",2020,31,"SW","All",175,8,21.88
"372",2020,31,"SW","Pipiens",19,8,2.38
"373",2020,31,"SW","Tarsalis",156,8,19.5
"374",2020,32,"BE","All",53,5,10.6
"375",2020,32,"BE","Pipiens",2,5,0.4
"376",2020,32,"BE","Tarsalis",51,5,10.2
"377",2020,32,"LV","All",1143,36,31.75
"378",2020,32,"LV","Pipiens",44,36,1.22
"379",2020,32,"LV","Tarsalis",1099,36,30.53
"380",2020,32,"NE","All",646,10,64.6
"381",2020,32,"NE","Pipiens",114,10,11.4
"382",2020,32,"NE","Tarsalis",532,10,53.2
"383",2020,32,"NW","All",182,9,20.22
"384",2020,32,"NW","Pipiens",58,9,6.44
"385",2020,32,"NW","Tarsalis",124,9,13.78
"386",2020,32,"SE","All",760,14,54.29
"387",2020,32,"SE","Pipiens",401,14,28.64
"388",2020,32,"SE","Tarsalis",359,14,25.64
"389",2020,32,"SW","All",216,8,27
"390",2020,32,"SW","Pipiens",72,8,9
"391",2020,32,"SW","Tarsalis",144,8,18
"392",2020,33,"BE","All",58,5,11.6
"393",2020,33,"BE","Pipiens",6,5,1.2
"394",2020,33,"BE","Tarsalis",52,5,10.4
"395",2020,33,"LV","All",791,36,21.97
"396",2020,33,"LV","Pipiens",22,36,0.61
"397",2020,33,"LV","Tarsalis",769,36,21.36
"398",2020,33,"NE","All",555,10,55.5
"399",2020,33,"NE","Pipiens",174,10,17.4
"400",2020,33,"NE","Tarsalis",381,10,38.1
"401",2020,33,"NW","All",203,8,25.38
"402",2020,33,"NW","Pipiens",92,8,11.5
"403",2020,33,"NW","Tarsalis",111,8,13.88
"404",2020,33,"SE","All",684,15,45.6
"405",2020,33,"SE","Pipiens",309,15,20.6
"406",2020,33,"SE","Tarsalis",375,15,25
"407",2020,33,"SW","All",192,9,21.33
"408",2020,33,"SW","Pipiens",75,9,8.33
"409",2020,33,"SW","Tarsalis",117,9,13
"410",2020,34,"BE","All",37,4,9.25
"411",2020,34,"BE","Pipiens",5,4,1.25
"412",2020,34,"BE","Tarsalis",32,4,8
"413",2020,34,"LV","All",456,36,12.67
"414",2020,34,"LV","Pipiens",21,36,0.58
"415",2020,34,"LV","Tarsalis",435,36,12.08
"416",2020,34,"NE","All",423,9,47
"417",2020,34,"NE","Pipiens",246,9,27.33
"418",2020,34,"NE","Tarsalis",177,9,19.67
"419",2020,34,"NW","All",151,7,21.57
"420",2020,34,"NW","Pipiens",115,7,16.43
"421",2020,34,"NW","Tarsalis",36,7,5.14
"422",2020,34,"SE","All",452,15,30.13
"423",2020,34,"SE","Pipiens",225,15,15
"424",2020,34,"SE","Tarsalis",227,15,15.13
"425",2020,34,"SW","All",121,6,20.17
"426",2020,34,"SW","Pipiens",70,6,11.67
"427",2020,34,"SW","Tarsalis",51,6,8.5
"428",2020,35,"LV","All",97,11,8.82
"429",2020,35,"LV","Pipiens",34,11,3.09
"430",2020,35,"LV","Tarsalis",63,11,5.73
"431",2020,35,"NE","All",12,3,4
"432",2020,35,"NE","Pipiens",4,3,1.33
"433",2020,35,"NE","Tarsalis",8,3,2.67
"434",2020,35,"NW","All",75,6,12.5
"435",2020,35,"NW","Pipiens",70,6,11.67
"436",2020,35,"NW","Tarsalis",5,6,0.83
"437",2020,35,"SE","All",52,7,7.43
"438",2020,35,"SE","Pipiens",33,7,4.71
"439",2020,35,"SE","Tarsalis",19,7,2.71
"440",2020,35,"SW","All",19,3,6.33
"441",2020,35,"SW","Pipiens",12,3,4
"442",2020,35,"SW","Tarsalis",7,3,2.33
"443",2020,36,"SE","All",7,1,7
"444",2020,36,"SE","Tarsalis",7,1,7
"445",2020,36,"SW","All",13,2,6.5
"446",2020,36,"SW","Pipiens",10,2,5
"447",2020,36,"SW","Tarsalis",3,2,1.5
"448",2021,23,"BE","All",77,3,25.67
"449",2021,23,"BE","Pipiens",1,3,0.33
"450",2021,23,"BE","Tarsalis",76,3,25.33
"451",2021,23,"LV","All",583,33,17.67
"452",2021,23,"LV","Pipiens",18,33,0.55
"453",2021,23,"LV","Tarsalis",565,33,17.12
"454",2021,24,"BC","All",81,4,20.25
"455",2021,24,"BC","Tarsalis",81,4,20.25
"456",2021,24,"BE","All",224,4,56
"457",2021,24,"BE","Pipiens",1,4,0.25
"458",2021,24,"BE","Tarsalis",223,4,55.75
"459",2021,24,"LV","All",965,33,29.24
"460",2021,24,"LV","Pipiens",30,33,0.91
"461",2021,24,"LV","Tarsalis",935,33,28.33
"462",2021,25,"BC","All",87,6,14.5
"463",2021,25,"BC","Tarsalis",87,6,14.5
"464",2021,25,"BE","All",191,5,38.2
"465",2021,25,"BE","Pipiens",3,5,0.6
"466",2021,25,"BE","Tarsalis",188,5,37.6
"467",2021,25,"LV","All",1340,34,39.41
"468",2021,25,"LV","Pipiens",49,34,1.44
"469",2021,25,"LV","Tarsalis",1291,34,37.97
"470",2021,25,"NE","All",117,8,14.62
"471",2021,25,"NE","Pipiens",12,8,1.5
"472",2021,25,"NE","Tarsalis",105,8,13.12
"473",2021,25,"NW","All",61,7,8.71
"474",2021,25,"NW","Pipiens",12,7,1.71
"475",2021,25,"NW","Tarsalis",49,7,7
"476",2021,25,"SE","All",533,14,38.07
"477",2021,25,"SE","Pipiens",31,14,2.21
"478",2021,25,"SE","Tarsalis",502,14,35.86
"479",2021,25,"SW","All",52,6,8.67
"480",2021,25,"SW","Pipiens",1,6,0.17
"481",2021,25,"SW","Tarsalis",51,6,8.5
"482",2021,26,"BC","All",26,5,5.2
"483",2021,26,"BC","Tarsalis",26,5,5.2
"484",2021,26,"BE","All",194,4,48.5
"485",2021,26,"BE","Pipiens",12,4,3
"486",2021,26,"BE","Tarsalis",182,4,45.5
"487",2021,26,"LV","All",2253,34,66.26
"488",2021,26,"LV","Pipiens",152,34,4.47
"489",2021,26,"LV","Tarsalis",2101,34,61.79
"490",2021,26,"NE","All",466,9,51.78
"491",2021,26,"NE","Pipiens",49,9,5.44
"492",2021,26,"NE","Tarsalis",417,9,46.33
"493",2021,26,"NW","All",277,9,30.78
"494",2021,26,"NW","Pipiens",77,9,8.56
"495",2021,26,"NW","Tarsalis",200,9,22.22
"496",2021,26,"SE","All",377,14,26.93
"497",2021,26,"SE","Pipiens",62,14,4.43
"498",2021,26,"SE","Tarsalis",315,14,22.5
"499",2021,26,"SW","All",125,9,13.89
"500",2021,26,"SW","Pipiens",18,9,2
"501",2021,26,"SW","Tarsalis",107,9,11.89
"502",2021,27,"BC","All",155,5,31
"503",2021,27,"BC","Tarsalis",155,5,31
"504",2021,27,"BE","All",664,5,132.8
"505",2021,27,"BE","Pipiens",46,5,9.2
"506",2021,27,"BE","Tarsalis",618,5,123.6
"507",2021,27,"LV","All",5805,35,165.86
"508",2021,27,"LV","Pipiens",256,35,7.31
"509",2021,27,"LV","Tarsalis",5549,35,158.54
"510",2021,27,"NE","All",1121,10,112.1
"511",2021,27,"NE","Pipiens",95,10,9.5
"512",2021,27,"NE","Tarsalis",1026,10,102.6
"513",2021,27,"NW","All",690,9,76.67
"514",2021,27,"NW","Pipiens",129,9,14.33
"515",2021,27,"NW","Tarsalis",561,9,62.33
"516",2021,27,"SE","All",780,14,55.71
"517",2021,27,"SE","Pipiens",43,14,3.07
"518",2021,27,"SE","Tarsalis",737,14,52.64
"519",2021,27,"SW","All",274,9,30.44
"520",2021,27,"SW","Pipiens",43,9,4.78
"521",2021,27,"SW","Tarsalis",231,9,25.67
"522",2021,28,"BC","All",127,5,25.4
"523",2021,28,"BC","Tarsalis",127,5,25.4
"524",2021,28,"BE","All",729,5,145.8
"525",2021,28,"BE","Pipiens",79,5,15.8
"526",2021,28,"BE","Tarsalis",650,5,130
"527",2021,28,"LV","All",8409,36,233.58
"528",2021,28,"LV","Pipiens",290,36,8.06
"529",2021,28,"LV","Tarsalis",8119,36,225.53
"530",2021,28,"NE","All",1317,9,146.33
"531",2021,28,"NE","Pipiens",99,9,11
"532",2021,28,"NE","Tarsalis",1218,9,135.33
"533",2021,28,"NW","All",437,9,48.56
"534",2021,28,"NW","Pipiens",41,9,4.56
"535",2021,28,"NW","Tarsalis",396,9,44
"536",2021,28,"SE","All",2631,15,175.4
"537",2021,28,"SE","Pipiens",197,15,13.13
"538",2021,28,"SE","Tarsalis",2434,15,162.27
"539",2021,28,"SW","All",283,8,35.38
"540",2021,28,"SW","Pipiens",21,8,2.62
"541",2021,28,"SW","Tarsalis",262,8,32.75
"542",2021,29,"BC","All",176,5,35.2
"543",2021,29,"BC","Tarsalis",176,5,35.2
"544",2021,29,"BE","All",514,5,102.8
"545",2021,29,"BE","Pipiens",22,5,4.4
"546",2021,29,"BE","Tarsalis",492,5,98.4
"547",2021,29,"LV","All",5227,37,141.27
"548",2021,29,"LV","Pipiens",340,37,9.19
"549",2021,29,"LV","Tarsalis",4887,37,132.08
"550",2021,29,"NE","All",1468,10,146.8
"551",2021,29,"NE","Pipiens",323,10,32.3
"552",2021,29,"NE","Tarsalis",1145,10,114.5
"553",2021,29,"NW","All",666,9,74
"554",2021,29,"NW","Pipiens",51,9,5.67
"555",2021,29,"NW","Tarsalis",615,9,68.33
"556",2021,29,"SE","All",2241,15,149.4
"557",2021,29,"SE","Pipiens",303,15,20.2
"558",2021,29,"SE","Tarsalis",1938,15,129.2
"559",2021,29,"SW","All",120,6,20
"560",2021,29,"SW","Pipiens",13,6,2.17
"561",2021,29,"SW","Tarsalis",107,6,17.83
"562",2021,30,"BC","All",254,5,50.8
"563",2021,30,"BC","Tarsalis",254,5,50.8
"564",2021,30,"BE","All",1100,5,220
"565",2021,30,"BE","Pipiens",107,5,21.4
"566",2021,30,"BE","Tarsalis",993,5,198.6
"567",2021,30,"LV","All",4056,37,109.62
"568",2021,30,"LV","Pipiens",359,37,9.7
"569",2021,30,"LV","Tarsalis",3697,37,99.92
"570",2021,30,"NE","All",1532,10,153.2
"571",2021,30,"NE","Pipiens",341,10,34.1
"572",2021,30,"NE","Tarsalis",1191,10,119.1
"573",2021,30,"NW","All",707,9,78.56
"574",2021,30,"NW","Pipiens",121,9,13.44
"575",2021,30,"NW","Tarsalis",586,9,65.11
"576",2021,30,"SE","All",3159,15,210.6
"577",2021,30,"SE","Pipiens",447,15,29.8
"578",2021,30,"SE","Tarsalis",2712,15,180.8
"579",2021,30,"SW","All",644,9,71.56
"580",2021,30,"SW","Pipiens",58,9,6.44
"581",2021,30,"SW","Tarsalis",586,9,65.11
"582",2021,31,"BC","All",237,5,47.4
"583",2021,31,"BC","Tarsalis",237,5,47.4
"584",2021,31,"BE","All",220,5,44
"585",2021,31,"BE","Pipiens",60,5,12
"586",2021,31,"BE","Tarsalis",160,5,32
"587",2021,31,"LV","All",2631,37,71.11
"588",2021,31,"LV","Pipiens",536,37,14.49
"589",2021,31,"LV","Tarsalis",2095,37,56.62
"590",2021,31,"NE","All",1826,10,182.6
"591",2021,31,"NE","Pipiens",833,10,83.3
"592",2021,31,"NE","Tarsalis",993,10,99.3
"593",2021,31,"NW","All",179,9,19.89
"594",2021,31,"NW","Pipiens",75,9,8.33
"595",2021,31,"NW","Tarsalis",104,9,11.56
"596",2021,31,"SE","All",1251,15,83.4
"597",2021,31,"SE","Pipiens",240,15,16
"598",2021,31,"SE","Tarsalis",1011,15,67.4
"599",2021,31,"SW","All",146,9,16.22
"600",2021,31,"SW","Pipiens",37,9,4.11
"601",2021,31,"SW","Tarsalis",109,9,12.11
"602",2021,32,"BC","All",132,5,26.4
"603",2021,32,"BC","Tarsalis",132,5,26.4
"604",2021,32,"BE","All",218,5,43.6
"605",2021,32,"BE","Pipiens",78,5,15.6
"606",2021,32,"BE","Tarsalis",140,5,28
"607",2021,32,"LV","All",2111,37,57.05
"608",2021,32,"LV","Pipiens",559,37,15.11
"609",2021,32,"LV","Tarsalis",1552,37,41.95
"610",2021,32,"NE","All",1358,10,135.8
"611",2021,32,"NE","Pipiens",911,10,91.1
"612",2021,32,"NE","Tarsalis",447,10,44.7
"613",2021,32,"NW","All",215,9,23.89
"614",2021,32,"NW","Pipiens",113,9,12.56
"615",2021,32,"NW","Tarsalis",102,9,11.33
"616",2021,32,"SE","All",741,15,49.4
"617",2021,32,"SE","Pipiens",294,15,19.6
"618",2021,32,"SE","Tarsalis",447,15,29.8
"619",2021,32,"SW","All",115,9,12.78
"620",2021,32,"SW","Pipiens",48,9,5.33
"621",2021,32,"SW","Tarsalis",67,9,7.44
"622",2021,33,"BC","All",103,5,20.6
"623",2021,33,"BC","Tarsalis",103,5,20.6
"624",2021,33,"BE","All",161,5,32.2
"625",2021,33,"BE","Pipiens",29,5,5.8
"626",2021,33,"BE","Tarsalis",132,5,26.4
"627",2021,33,"LV","All",1419,35,40.54
"628",2021,33,"LV","Pipiens",435,35,12.43
"629",2021,33,"LV","Tarsalis",984,35,28.11
"630",2021,33,"NE","All",387,9,43
"631",2021,33,"NE","Pipiens",130,9,14.44
"632",2021,33,"NE","Tarsalis",257,9,28.56
"633",2021,33,"NW","All",184,9,20.44
"634",2021,33,"NW","Pipiens",57,9,6.33
"635",2021,33,"NW","Tarsalis",127,9,14.11
"636",2021,33,"SE","All",163,14,11.64
"637",2021,33,"SE","Pipiens",68,14,4.86
"638",2021,33,"SE","Tarsalis",95,14,6.79
"639",2021,33,"SW","All",63,8,7.88
"640",2021,33,"SW","Pipiens",17,8,2.12
"641",2021,33,"SW","Tarsalis",46,8,5.75
"642",2021,34,"BC","All",73,5,14.6
"643",2021,34,"BC","Tarsalis",73,5,14.6
"644",2021,34,"BE","All",140,5,28
"645",2021,34,"BE","Pipiens",28,5,5.6
"646",2021,34,"BE","Tarsalis",112,5,22.4
"647",2021,34,"LV","All",879,37,23.76
"648",2021,34,"LV","Pipiens",352,37,9.51
"649",2021,34,"LV","Tarsalis",527,37,14.24
"650",2021,34,"NE","All",761,9,84.56
"651",2021,34,"NE","Pipiens",680,9,75.56
"652",2021,34,"NE","Tarsalis",81,9,9
"653",2021,34,"NW","All",62,9,6.89
"654",2021,34,"NW","Pipiens",20,9,2.22
"655",2021,34,"NW","Tarsalis",42,9,4.67
"656",2021,34,"SE","All",193,12,16.08
"657",2021,34,"SE","Pipiens",126,12,10.5
"658",2021,34,"SE","Tarsalis",67,12,5.58
"659",2021,34,"SW","All",41,7,5.86
"660",2021,34,"SW","Pipiens",23,7,3.29
"661",2021,34,"SW","Tarsalis",18,7,2.57
"662",2021,35,"BC","All",28,5,5.6
"663",2021,35,"BC","Tarsalis",28,5,5.6
"664",2021,35,"BE","All",78,5,15.6
"665",2021,35,"BE","Pipiens",34,5,6.8
"666",2021,35,"BE","Tarsalis",44,5,8.8
"667",2021,35,"LV","All",621,35,17.74
"668",2021,35,"LV","Pipiens",273,35,7.8
"669",2021,35,"LV","Tarsalis",348,35,9.94
"670",2021,35,"NE","All",388,6,64.67
"671",2021,35,"NE","Pipiens",358,6,59.67
"672",2021,35,"NE","Tarsalis",30,6,5
"673",2021,35,"NW","All",43,7,6.14
"674",2021,35,"NW","Pipiens",23,7,3.29
"675",2021,35,"NW","Tarsalis",20,7,2.86
"676",2021,35,"SE","All",383,15,25.53
"677",2021,35,"SE","Pipiens",267,15,17.8
"678",2021,35,"SE","Tarsalis",116,15,7.73
"679",2021,35,"SW","All",45,6,7.5
"680",2021,35,"SW","Pipiens",25,6,4.17
"681",2021,35,"SW","Tarsalis",20,6,3.33
"682",2021,36,"BC","All",26,5,5.2
"683",2021,36,"BC","Tarsalis",26,5,5.2
"684",2021,36,"NE","All",679,6,113.17
"685",2021,36,"NE","Pipiens",665,6,110.83
"686",2021,36,"NE","Tarsalis",14,6,2.33
"687",2021,36,"NW","All",23,5,4.6
"688",2021,36,"NW","Pipiens",18,5,3.6
"689",2021,36,"NW","Tarsalis",5,5,1
"690",2021,36,"SE","All",350,6,58.33
"691",2021,36,"SE","Pipiens",340,6,56.67
"692",2021,36,"SE","Tarsalis",10,6,1.67
"693",2021,36,"SW","All",22,6,3.67
"694",2021,36,"SW","Pipiens",15,6,2.5
"695",2021,36,"SW","Tarsalis",7,6,1.17
"696",2022,23,"BE","All",42,2,21
"697",2022,23,"BE","Tarsalis",42,2,21
"698",2022,23,"LV","All",253,26,9.73
"699",2022,23,"LV","Pipiens",20,26,0.77
"700",2022,23,"LV","Tarsalis",233,26,8.96
"701",2022,23,"NE","All",59,5,11.8
"702",2022,23,"NE","Tarsalis",59,5,11.8
"703",2022,23,"NW","All",16,5,3.2
"704",2022,23,"NW","Pipiens",2,5,0.4
"705",2022,23,"NW","Tarsalis",14,5,2.8
"706",2022,23,"SE","All",87,12,7.25
"707",2022,23,"SE","Pipiens",4,12,0.33
"708",2022,23,"SE","Tarsalis",83,12,6.92
"709",2022,23,"SW","All",21,4,5.25
"710",2022,23,"SW","Pipiens",2,4,0.5
"711",2022,23,"SW","Tarsalis",19,4,4.75
"712",2022,24,"BC","All",73,5,14.6
"713",2022,24,"BC","Tarsalis",73,5,14.6
"714",2022,24,"BE","All",60,5,12
"715",2022,24,"BE","Pipiens",3,5,0.6
"716",2022,24,"BE","Tarsalis",57,5,11.4
"717",2022,24,"LV","All",477,26,18.35
"718",2022,24,"LV","Pipiens",33,26,1.27
"719",2022,24,"LV","Tarsalis",444,26,17.08
"720",2022,24,"NE","All",134,10,13.4
"721",2022,24,"NE","Pipiens",7,10,0.7
"722",2022,24,"NE","Tarsalis",127,10,12.7
"723",2022,24,"NW","All",76,8,9.5
"724",2022,24,"NW","Pipiens",13,8,1.62
"725",2022,24,"NW","Tarsalis",63,8,7.88
"726",2022,24,"SE","All",85,12,7.08
"727",2022,24,"SE","Pipiens",4,12,0.33
"728",2022,24,"SE","Tarsalis",81,12,6.75
"729",2022,24,"SW","All",35,6,5.83
"730",2022,24,"SW","Pipiens",5,6,0.83
"731",2022,24,"SW","Tarsalis",30,6,5
"732",2022,25,"BC","All",73,5,14.6
"733",2022,25,"BC","Tarsalis",73,5,14.6
"734",2022,25,"BE","All",34,4,8.5
"735",2022,25,"BE","Pipiens",1,4,0.25
"736",2022,25,"BE","Tarsalis",33,4,8.25
"737",2022,25,"LV","All",359,30,11.97
"738",2022,25,"LV","Pipiens",20,30,0.67
"739",2022,25,"LV","Tarsalis",339,30,11.3
"740",2022,25,"NE","All",210,9,23.33
"741",2022,25,"NE","Pipiens",39,9,4.33
"742",2022,25,"NE","Tarsalis",171,9,19
"743",2022,25,"NW","All",24,4,6
"744",2022,25,"NW","Pipiens",6,4,1.5
"745",2022,25,"NW","Tarsalis",18,4,4.5
"746",2022,25,"SE","All",146,14,10.43
"747",2022,25,"SE","Pipiens",8,14,0.57
"748",2022,25,"SE","Tarsalis",138,14,9.86
"749",2022,25,"SW","All",23,6,3.83
"750",2022,25,"SW","Pipiens",3,6,0.5
"751",2022,25,"SW","Tarsalis",20,6,3.33
"752",2022,26,"BC","All",82,5,16.4
"753",2022,26,"BC","Tarsalis",82,5,16.4
"754",2022,26,"BE","All",249,5,49.8
"755",2022,26,"BE","Pipiens",11,5,2.2
"756",2022,26,"BE","Tarsalis",238,5,47.6
"757",2022,26,"LV","All",704,31,22.71
"758",2022,26,"LV","Pipiens",52,31,1.68
"759",2022,26,"LV","Tarsalis",652,31,21.03
"760",2022,26,"NE","All",117,10,11.7
"761",2022,26,"NE","Pipiens",32,10,3.2
"762",2022,26,"NE","Tarsalis",85,10,8.5
"763",2022,26,"NW","All",61,8,7.62
"764",2022,26,"NW","Pipiens",30,8,3.75
"765",2022,26,"NW","Tarsalis",31,8,3.88
"766",2022,26,"SE","All",421,15,28.07
"767",2022,26,"SE","Pipiens",10,15,0.67
"768",2022,26,"SE","Tarsalis",411,15,27.4
"769",2022,26,"SW","All",17,6,2.83
"770",2022,26,"SW","Pipiens",2,6,0.33
"771",2022,26,"SW","Tarsalis",15,6,2.5
"772",2022,27,"BC","All",189,5,37.8
"773",2022,27,"BC","Tarsalis",189,5,37.8
"774",2022,27,"BE","All",180,5,36
"775",2022,27,"BE","Pipiens",4,5,0.8
"776",2022,27,"BE","Tarsalis",176,5,35.2
"777",2022,27,"LV","All",1408,29,48.55
"778",2022,27,"LV","Pipiens",77,29,2.66
"779",2022,27,"LV","Tarsalis",1331,29,45.9
"780",2022,27,"NE","All",552,10,55.2
"781",2022,27,"NE","Pipiens",195,10,19.5
"782",2022,27,"NE","Tarsalis",357,10,35.7
"783",2022,27,"NW","All",91,9,10.11
"784",2022,27,"NW","Pipiens",27,9,3
"785",2022,27,"NW","Tarsalis",64,9,7.11
"786",2022,27,"SE","All",1441,15,96.07
"787",2022,27,"SE","Pipiens",36,15,2.4
"788",2022,27,"SE","Tarsalis",1405,15,93.67
"789",2022,27,"SW","All",125,8,15.62
"790",2022,27,"SW","Pipiens",6,8,0.75
"791",2022,27,"SW","Tarsalis",119,8,14.88
"792",2022,28,"BC","All",175,5,35
"793",2022,28,"BC","Tarsalis",175,5,35
"794",2022,28,"BE","All",146,4,36.5
"795",2022,28,"BE","Pipiens",5,4,1.25
"796",2022,28,"BE","Tarsalis",141,4,35.25
"797",2022,28,"LV","All",2284,36,63.44
"798",2022,28,"LV","Pipiens",200,36,5.56
"799",2022,28,"LV","Tarsalis",2084,36,57.89
"800",2022,28,"NE","All",1733,10,173.3
"801",2022,28,"NE","Pipiens",298,10,29.8
"802",2022,28,"NE","Tarsalis",1435,10,143.5
"803",2022,28,"NW","All",421,9,46.78
"804",2022,28,"NW","Pipiens",19,9,2.11
"805",2022,28,"NW","Tarsalis",402,9,44.67
"806",2022,28,"SE","All",1592,15,106.13
"807",2022,28,"SE","Pipiens",59,15,3.93
"808",2022,28,"SE","Tarsalis",1533,15,102.2
"809",2022,28,"SW","All",501,9,55.67
"810",2022,28,"SW","Pipiens",11,9,1.22
"811",2022,28,"SW","Tarsalis",490,9,54.44
"812",2022,29,"BC","All",169,5,33.8
"813",2022,29,"BC","Tarsalis",169,5,33.8
"814",2022,29,"BE","All",479,5,95.8
"815",2022,29,"BE","Pipiens",12,5,2.4
"816",2022,29,"BE","Tarsalis",467,5,93.4
"817",2022,29,"LV","All",2568,37,69.41
"818",2022,29,"LV","Pipiens",264,37,7.14
"819",2022,29,"LV","Tarsalis",2304,37,62.27
"820",2022,29,"NE","All",1753,10,175.3
"821",2022,29,"NE","Pipiens",389,10,38.9
"822",2022,29,"NE","Tarsalis",1364,10,136.4
"823",2022,29,"NW","All",403,9,44.78
"824",2022,29,"NW","Pipiens",45,9,5
"825",2022,29,"NW","Tarsalis",358,9,39.78
"826",2022,29,"SE","All",1647,15,109.8
"827",2022,29,"SE","Pipiens",69,15,4.6
"828",2022,29,"SE","Tarsalis",1578,15,105.2
"829",2022,29,"SW","All",540,9,60
"830",2022,29,"SW","Pipiens",40,9,4.44
"831",2022,29,"SW","Tarsalis",500,9,55.56
"832",2022,30,"BC","All",145,5,29
"833",2022,30,"BC","Tarsalis",145,5,29
"834",2022,30,"BE","All",159,5,31.8
"835",2022,30,"BE","Pipiens",12,5,2.4
"836",2022,30,"BE","Tarsalis",147,5,29.4
"837",2022,30,"LV","All",2536,37,68.54
"838",2022,30,"LV","Pipiens",714,37,19.3
"839",2022,30,"LV","Tarsalis",1822,37,49.24
"840",2022,30,"NE","All",1155,10,115.5
"841",2022,30,"NE","Pipiens",676,10,67.6
"842",2022,30,"NE","Tarsalis",479,10,47.9
"843",2022,30,"NW","All",234,8,29.25
"844",2022,30,"NW","Pipiens",56,8,7
"845",2022,30,"NW","Tarsalis",178,8,22.25
"846",2022,30,"SE","All",882,15,58.8
"847",2022,30,"SE","Pipiens",184,15,12.27
"848",2022,30,"SE","Tarsalis",698,15,46.53
"849",2022,30,"SW","All",234,8,29.25
"850",2022,30,"SW","Pipiens",25,8,3.12
"851",2022,30,"SW","Tarsalis",209,8,26.12
"852",2022,31,"BC","All",136,5,27.2
"853",2022,31,"BC","Tarsalis",136,5,27.2
"854",2022,31,"BE","All",319,5,63.8
"855",2022,31,"BE","Pipiens",26,5,5.2
"856",2022,31,"BE","Tarsalis",293,5,58.6
"857",2022,31,"LV","All",2148,36,59.67
"858",2022,31,"LV","Pipiens",360,36,10
"859",2022,31,"LV","Tarsalis",1788,36,49.67
"860",2022,31,"NE","All",1084,10,108.4
"861",2022,31,"NE","Pipiens",451,10,45.1
"862",2022,31,"NE","Tarsalis",633,10,63.3
"863",2022,31,"NW","All",313,9,34.78
"864",2022,31,"NW","Pipiens",59,9,6.56
"865",2022,31,"NW","Tarsalis",254,9,28.22
"866",2022,31,"SE","All",818,15,54.53
"867",2022,31,"SE","Pipiens",268,15,17.87
"868",2022,31,"SE","Tarsalis",550,15,36.67
"869",2022,31,"SW","All",293,9,32.56
"870",2022,31,"SW","Pipiens",61,9,6.78
"871",2022,31,"SW","Tarsalis",232,9,25.78
"872",2022,32,"BC","All",91,5,18.2
"873",2022,32,"BC","Tarsalis",91,5,18.2
"874",2022,32,"BE","All",541,5,108.2
"875",2022,32,"BE","Pipiens",55,5,11
"876",2022,32,"BE","Tarsalis",486,5,97.2
"877",2022,32,"LV","All",2101,37,56.78
"878",2022,32,"LV","Pipiens",501,37,13.54
"879",2022,32,"LV","Tarsalis",1600,37,43.24
"880",2022,32,"NE","All",1729,10,172.9
"881",2022,32,"NE","Pipiens",1324,10,132.4
"882",2022,32,"NE","Tarsalis",405,10,40.5
"883",2022,32,"NW","All",221,9,24.56
"884",2022,32,"NW","Pipiens",54,9,6
"885",2022,32,"NW","Tarsalis",167,9,18.56
"886",2022,32,"SE","All",988,15,65.87
"887",2022,32,"SE","Pipiens",300,15,20
"888",2022,32,"SE","Tarsalis",688,15,45.87
"889",2022,32,"SW","All",782,9,86.89
"890",2022,32,"SW","Pipiens",112,9,12.44
"891",2022,32,"SW","Tarsalis",670,9,74.44
"892",2022,33,"BC","All",38,5,7.6
"893",2022,33,"BC","Tarsalis",38,5,7.6
"894",2022,33,"BE","All",149,5,29.8
"895",2022,33,"BE","Pipiens",39,5,7.8
"896",2022,33,"BE","Tarsalis",110,5,22
"897",2022,33,"LV","All",1185,35,33.86
"898",2022,33,"LV","Pipiens",542,35,15.49
"899",2022,33,"LV","Tarsalis",643,35,18.37
"900",2022,33,"NE","All",1742,10,174.2
"901",2022,33,"NE","Pipiens",955,10,95.5
"902",2022,33,"NE","Tarsalis",787,10,78.7
"903",2022,33,"NW","All",231,9,25.67
"904",2022,33,"NW","Pipiens",97,9,10.78
"905",2022,33,"NW","Tarsalis",134,9,14.89
"906",2022,33,"SE","All",1370,15,91.33
"907",2022,33,"SE","Pipiens",636,15,42.4
"908",2022,33,"SE","Tarsalis",734,15,48.93
"909",2022,33,"SW","All",366,9,40.67
"910",2022,33,"SW","Pipiens",103,9,11.44
"911",2022,33,"SW","Tarsalis",263,9,29.22
"912",2022,34,"BC","All",36,5,7.2
"913",2022,34,"BC","Tarsalis",36,5,7.2
"914",2022,34,"BE","All",188,5,37.6
"915",2022,34,"BE","Pipiens",43,5,8.6
"916",2022,34,"BE","Tarsalis",145,5,29
"917",2022,34,"LV","All",1788,37,48.32
"918",2022,34,"LV","Pipiens",589,37,15.92
"919",2022,34,"LV","Tarsalis",1199,37,32.41
"920",2022,34,"NE","All",2212,10,221.2
"921",2022,34,"NE","Pipiens",1480,10,148
"922",2022,34,"NE","Tarsalis",732,10,73.2
"923",2022,34,"NW","All",520,9,57.78
"924",2022,34,"NW","Pipiens",134,9,14.89
"925",2022,34,"NW","Tarsalis",386,9,42.89
"926",2022,34,"SE","All",870,14,62.14
"927",2022,34,"SE","Pipiens",407,14,29.07
"928",2022,34,"SE","Tarsalis",463,14,33.07
"929",2022,34,"SW","All",442,9,49.11
"930",2022,34,"SW","Pipiens",147,9,16.33
"931",2022,34,"SW","Tarsalis",295,9,32.78
"932",2022,35,"BC","All",33,3,11
"933",2022,35,"BC","Pipiens",23,3,7.67
"934",2022,35,"BC","Tarsalis",10,3,3.33
"935",2022,35,"BE","All",164,5,32.8
"936",2022,35,"BE","Pipiens",51,5,10.2
"937",2022,35,"BE","Tarsalis",113,5,22.6
"938",2022,35,"LV","All",764,34,22.47
"939",2022,35,"LV","Pipiens",353,34,10.38
"940",2022,35,"LV","Tarsalis",411,34,12.09
"941",2022,35,"NE","All",412,10,41.2
"942",2022,35,"NE","Pipiens",302,10,30.2
"943",2022,35,"NE","Tarsalis",110,10,11
"944",2022,35,"NW","All",150,9,16.67
"945",2022,35,"NW","Pipiens",56,9,6.22
"946",2022,35,"NW","Tarsalis",94,9,10.44
"947",2022,35,"SE","All",724,15,48.27
"948",2022,35,"SE","Pipiens",460,15,30.67
"949",2022,35,"SE","Tarsalis",264,15,17.6
"950",2022,35,"SW","All",182,9,20.22
"951",2022,35,"SW","Pipiens",81,9,9
"952",2022,35,"SW","Tarsalis",101,9,11.22
"953",2022,36,"BC","All",20,3,6.67
"954",2022,36,"BC","Pipiens",7,3,2.33
"955",2022,36,"BC","Tarsalis",13,3,4.33
"956",2022,36,"LV","All",222,6,37
"957",2022,36,"LV","Pipiens",127,6,21.17
"958",2022,36,"LV","Tarsalis",95,6,15.83
"959",2022,36,"NE","All",603,9,67
"960",2022,36,"NE","Pipiens",482,9,53.56
"961",2022,36,"NE","Tarsalis",121,9,13.44
"962",2022,36,"NW","All",58,8,7.25
"963",2022,36,"NW","Pipiens",33,8,4.12
"964",2022,36,"NW","Tarsalis",25,8,3.12
"965",2022,36,"SE","All",374,15,24.93
"966",2022,36,"SE","Pipiens",314,15,20.93
"967",2022,36,"SE","Tarsalis",60,15,4
"968",2022,36,"SW","All",30,6,5
"969",2022,36,"SW","Pipiens",10,6,1.67
"970",2022,36,"SW","Tarsalis",20,6,3.33
"971",2022,37,"BC","All",24,3,8
"972",2022,37,"BC","Pipiens",10,3,3.33
"973",2022,37,"BC","Tarsalis",14,3,4.67
"974",2022,37,"NE","All",1206,10,120.6
"975",2022,37,"NE","Pipiens",1157,10,115.7
"976",2022,37,"NE","Tarsalis",49,10,4.9
"977",2022,37,"NW","All",42,9,4.67
"978",2022,37,"NW","Pipiens",33,9,3.67
"979",2022,37,"NW","Tarsalis",9,9,1
"980",2022,37,"SE","All",434,15,28.93
"981",2022,37,"SE","Pipiens",395,15,26.33
"982",2022,37,"SE","Tarsalis",39,15,2.6
"983",2022,37,"SW","All",66,7,9.43
"984",2022,37,"SW","Pipiens",23,7,3.29
"985",2022,37,"SW","Tarsalis",43,7,6.14
"986",2023,23,"BE","All",64,5,12.8
"987",2023,23,"BE","Tarsalis",64,5,12.8
"988",2023,23,"LV","All",317,28,11.32
"989",2023,23,"LV","Pipiens",25,28,0.89
"990",2023,23,"LV","Tarsalis",292,28,10.43
"991",2023,23,"NE","All",10,4,2.5
"992",2023,23,"NE","Pipiens",3,4,0.75
"993",2023,23,"NE","Tarsalis",7,4,1.75
"994",2023,23,"NW","All",55,8,6.88
"995",2023,23,"NW","Pipiens",16,8,2
"996",2023,23,"NW","Tarsalis",39,8,4.88
"997",2023,23,"SE","All",85,15,5.67
"998",2023,23,"SE","Pipiens",12,15,0.8
"999",2023,23,"SE","Tarsalis",73,15,4.87
"1000",2023,23,"SW","All",64,7,9.14
"1001",2023,23,"SW","Pipiens",15,7,2.14
"1002",2023,23,"SW","Tarsalis",49,7,7
"1003",2023,24,"BE","All",58,5,11.6
"1004",2023,24,"BE","Pipiens",4,5,0.8
"1005",2023,24,"BE","Tarsalis",54,5,10.8
"1006",2023,24,"LV","All",431,35,12.31
"1007",2023,24,"LV","Pipiens",44,35,1.26
"1008",2023,24,"LV","Tarsalis",387,35,11.06
"1009",2023,24,"NE","All",27,6,4.5
"1010",2023,24,"NE","Pipiens",7,6,1.17
"1011",2023,24,"NE","Tarsalis",20,6,3.33
"1012",2023,24,"NW","All",39,7,5.57
"1013",2023,24,"NW","Pipiens",18,7,2.57
"1014",2023,24,"NW","Tarsalis",21,7,3
"1015",2023,24,"SE","All",135,13,10.38
"1016",2023,24,"SE","Pipiens",22,13,1.69
"1017",2023,24,"SE","Tarsalis",113,13,8.69
"1018",2023,24,"SW","All",59,7,8.43
"1019",2023,24,"SW","Pipiens",11,7,1.57
"1020",2023,24,"SW","Tarsalis",48,7,6.86
"1021",2023,25,"BC","All",120,5,24
"1022",2023,25,"BC","Tarsalis",120,5,24
"1023",2023,25,"BE","All",490,5,98
"1024",2023,25,"BE","Pipiens",7,5,1.4
"1025",2023,25,"BE","Tarsalis",483,5,96.6
"1026",2023,25,"LV","All",1536,34,45.18
"1027",2023,25,"LV","Pipiens",59,34,1.74
"1028",2023,25,"LV","Tarsalis",1477,34,43.44
"1029",2023,25,"NE","All",147,10,14.7
"1030",2023,25,"NE","Pipiens",21,10,2.1
"1031",2023,25,"NE","Tarsalis",126,10,12.6
"1032",2023,25,"NW","All",162,8,20.25
"1033",2023,25,"NW","Pipiens",39,8,4.88
"1034",2023,25,"NW","Tarsalis",123,8,15.38
"1035",2023,25,"SE","All",438,15,29.2
"1036",2023,25,"SE","Pipiens",19,15,1.27
"1037",2023,25,"SE","Tarsalis",419,15,27.93
"1038",2023,25,"SW","All",63,9,7
"1039",2023,25,"SW","Pipiens",20,9,2.22
"1040",2023,25,"SW","Tarsalis",43,9,4.78
"1041",2023,26,"BC","All",225,5,45
"1042",2023,26,"BC","Tarsalis",225,5,45
"1043",2023,26,"BE","All",4244,5,848.8
"1044",2023,26,"BE","Pipiens",20,5,4
"1045",2023,26,"BE","Tarsalis",4224,5,844.8
"1046",2023,26,"LV","All",8791,37,237.59
"1047",2023,26,"LV","Pipiens",159,37,4.3
"1048",2023,26,"LV","Tarsalis",8632,37,233.3
"1049",2023,26,"NE","All",1285,10,128.5
"1050",2023,26,"NE","Pipiens",100,10,10
"1051",2023,26,"NE","Tarsalis",1185,10,118.5
"1052",2023,26,"NW","All",1140,9,126.67
"1053",2023,26,"NW","Pipiens",30,9,3.33
"1054",2023,26,"NW","Tarsalis",1110,9,123.33
"1055",2023,26,"SE","All",3343,15,222.87
"1056",2023,26,"SE","Pipiens",80,15,5.33
"1057",2023,26,"SE","Tarsalis",3263,15,217.53
"1058",2023,26,"SW","All",869,8,108.62
"1059",2023,26,"SW","Pipiens",44,8,5.5
"1060",2023,26,"SW","Tarsalis",825,8,103.12
"1061",2023,27,"BC","All",343,5,68.6
"1062",2023,27,"BC","Tarsalis",343,5,68.6
"1063",2023,27,"BE","All",3562,5,712.4
"1064",2023,27,"BE","Pipiens",6,5,1.2
"1065",2023,27,"BE","Tarsalis",3556,5,711.2
"1066",2023,27,"LV","All",14539,29,501.34
"1067",2023,27,"LV","Pipiens",212,29,7.31
"1068",2023,27,"LV","Tarsalis",14327,29,494.03
"1069",2023,27,"NE","All",2043,10,204.3
"1070",2023,27,"NE","Pipiens",111,10,11.1
"1071",2023,27,"NE","Tarsalis",1932,10,193.2
"1072",2023,27,"NW","All",257,9,28.56
"1073",2023,27,"NW","Pipiens",66,9,7.33
"1074",2023,27,"NW","Tarsalis",191,9,21.22
"1075",2023,27,"SE","All",5419,15,361.27
"1076",2023,27,"SE","Pipiens",100,15,6.67
"1077",2023,27,"SE","Tarsalis",5319,15,354.6
"1078",2023,27,"SW","All",233,8,29.12
"1079",2023,27,"SW","Pipiens",26,8,3.25
"1080",2023,27,"SW","Tarsalis",207,8,25.88
"1081",2023,28,"BC","All",294,6,49
"1082",2023,28,"BC","Tarsalis",294,6,49
"1083",2023,28,"BE","All",5280,5,1056
"1084",2023,28,"BE","Pipiens",145,5,29
"1085",2023,28,"BE","Tarsalis",5135,5,1027
"1086",2023,28,"LV","All",7276,36,202.11
"1087",2023,28,"LV","Pipiens",317,36,8.81
"1088",2023,28,"LV","Tarsalis",6959,36,193.31
"1089",2023,28,"NE","All",1283,10,128.3
"1090",2023,28,"NE","Pipiens",222,10,22.2
"1091",2023,28,"NE","Tarsalis",1061,10,106.1
"1092",2023,28,"NW","All",1528,8,191
"1093",2023,28,"NW","Pipiens",115,8,14.38
"1094",2023,28,"NW","Tarsalis",1413,8,176.62
"1095",2023,28,"SE","All",6585,15,439
"1096",2023,28,"SE","Pipiens",298,15,19.87
"1097",2023,28,"SE","Tarsalis",6287,15,419.13
"1098",2023,28,"SW","All",2385,9,265
"1099",2023,28,"SW","Pipiens",59,9,6.56
"1100",2023,28,"SW","Tarsalis",2326,9,258.44
"1101",2023,29,"BC","All",294,5,58.8
"1102",2023,29,"BC","Pipiens",49,5,9.8
"1103",2023,29,"BC","Tarsalis",245,5,49
"1104",2023,29,"BE","All",4005,5,801
"1105",2023,29,"BE","Pipiens",31,5,6.2
"1106",2023,29,"BE","Tarsalis",3974,5,794.8
"1107",2023,29,"LV","All",26319,36,731.08
"1108",2023,29,"LV","Pipiens",596,36,16.56
"1109",2023,29,"LV","Tarsalis",25723,36,714.53
"1110",2023,29,"NE","All",4734,10,473.4
"1111",2023,29,"NE","Pipiens",265,10,26.5
"1112",2023,29,"NE","Tarsalis",4469,10,446.9
"1113",2023,29,"NW","All",2055,7,293.57
"1114",2023,29,"NW","Pipiens",118,7,16.86
"1115",2023,29,"NW","Tarsalis",1937,7,276.71
"1116",2023,29,"SE","All",6908,15,460.53
"1117",2023,29,"SE","Pipiens",134,15,8.93
"1118",2023,29,"SE","Tarsalis",6774,15,451.6
"1119",2023,29,"SW","All",2575,9,286.11
"1120",2023,29,"SW","Pipiens",177,9,19.67
"1121",2023,29,"SW","Tarsalis",2398,9,266.44
"1122",2023,30,"BC","All",294,6,49
"1123",2023,30,"BC","Tarsalis",294,6,49
"1124",2023,30,"BE","All",693,5,138.6
"1125",2023,30,"BE","Pipiens",24,5,4.8
"1126",2023,30,"BE","Tarsalis",669,5,133.8
"1127",2023,30,"LV","All",10166,36,282.39
"1128",2023,30,"LV","Pipiens",301,36,8.36
"1129",2023,30,"LV","Tarsalis",9865,36,274.03
"1130",2023,30,"NE","All",3273,10,327.3
"1131",2023,30,"NE","Pipiens",504,10,50.4
"1132",2023,30,"NE","Tarsalis",2769,10,276.9
"1133",2023,30,"NW","All",676,9,75.11
"1134",2023,30,"NW","Pipiens",51,9,5.67
"1135",2023,30,"NW","Tarsalis",625,9,69.44
"1136",2023,30,"SE","All",1344,15,89.6
"1137",2023,30,"SE","Pipiens",80,15,5.33
"1138",2023,30,"SE","Tarsalis",1264,15,84.27
"1139",2023,30,"SW","All",982,8,122.75
"1140",2023,30,"SW","Pipiens",43,8,5.38
"1141",2023,30,"SW","Tarsalis",939,8,117.38
"1142",2023,31,"BC","All",564,6,94
"1143",2023,31,"BC","Tarsalis",564,6,94
"1144",2023,31,"BE","All",518,5,103.6
"1145",2023,31,"BE","Pipiens",98,5,19.6
"1146",2023,31,"BE","Tarsalis",420,5,84
"1147",2023,31,"LV","All",13532,37,365.73
"1148",2023,31,"LV","Pipiens",674,37,18.22
"1149",2023,31,"LV","Tarsalis",12858,37,347.51
"1150",2023,31,"NE","All",540,10,54
"1151",2023,31,"NE","Pipiens",182,10,18.2
"1152",2023,31,"NE","Tarsalis",358,10,35.8
"1153",2023,31,"NW","All",538,8,67.25
"1154",2023,31,"NW","Pipiens",66,8,8.25
"1155",2023,31,"NW","Tarsalis",472,8,59
"1156",2023,31,"SE","All",4416,14,315.43
"1157",2023,31,"SE","Pipiens",352,14,25.14
"1158",2023,31,"SE","Tarsalis",4064,14,290.29
"1159",2023,31,"SW","All",428,9,47.56
"1160",2023,31,"SW","Pipiens",64,9,7.11
"1161",2023,31,"SW","Tarsalis",364,9,40.44
"1162",2023,32,"BC","All",237,5,47.4
"1163",2023,32,"BC","Tarsalis",237,5,47.4
"1164",2023,32,"BE","All",636,5,127.2
"1165",2023,32,"BE","Pipiens",50,5,10
"1166",2023,32,"BE","Tarsalis",586,5,117.2
"1167",2023,32,"LV","All",4032,37,108.97
"1168",2023,32,"LV","Pipiens",755,37,20.41
"1169",2023,32,"LV","Tarsalis",3277,37,88.57
"1170",2023,32,"NE","All",367,10,36.7
"1171",2023,32,"NE","Pipiens",157,10,15.7
"1172",2023,32,"NE","Tarsalis",210,10,21
"1173",2023,32,"NW","All",243,8,30.38
"1174",2023,32,"NW","Pipiens",60,8,7.5
"1175",2023,32,"NW","Tarsalis",183,8,22.88
"1176",2023,32,"SE","All",561,15,37.4
"1177",2023,32,"SE","Pipiens",91,15,6.07
"1178",2023,32,"SE","Tarsalis",470,15,31.33
"1179",2023,32,"SW","All",162,8,20.25
"1180",2023,32,"SW","Pipiens",23,8,2.88
"1181",2023,32,"SW","Tarsalis",139,8,17.38
"1182",2023,33,"BC","All",181,5,36.2
"1183",2023,33,"BC","Tarsalis",181,5,36.2
"1184",2023,33,"BE","All",415,5,83
"1185",2023,33,"BE","Pipiens",80,5,16
"1186",2023,33,"BE","Tarsalis",335,5,67
"1187",2023,33,"LV","All",3079,37,83.22
"1188",2023,33,"LV","Pipiens",654,37,17.68
"1189",2023,33,"LV","Tarsalis",2425,37,65.54
"1190",2023,33,"NE","All",404,9,44.89
"1191",2023,33,"NE","Pipiens",201,9,22.33
"1192",2023,33,"NE","Tarsalis",203,9,22.56
"1193",2023,33,"NW","All",194,8,24.25
"1194",2023,33,"NW","Pipiens",60,8,7.5
"1195",2023,33,"NW","Tarsalis",134,8,16.75
"1196",2023,33,"SE","All",152,14,10.86
"1197",2023,33,"SE","Pipiens",34,14,2.43
"1198",2023,33,"SE","Tarsalis",118,14,8.43
"1199",2023,33,"SW","All",385,9,42.78
"1200",2023,33,"SW","Pipiens",97,9,10.78
"1201",2023,33,"SW","Tarsalis",288,9,32
"1202",2023,34,"BC","All",211,5,42.2
"1203",2023,34,"BC","Tarsalis",211,5,42.2
"1204",2023,34,"BE","All",309,5,61.8
"1205",2023,34,"BE","Pipiens",71,5,14.2
"1206",2023,34,"BE","Tarsalis",238,5,47.6
"1207",2023,34,"LV","All",2062,37,55.73
"1208",2023,34,"LV","Pipiens",587,37,15.86
"1209",2023,34,"LV","Tarsalis",1475,37,39.86
"1210",2023,34,"NE","All",198,10,19.8
"1211",2023,34,"NE","Pipiens",67,10,6.7
"1212",2023,34,"NE","Tarsalis",131,10,13.1
"1213",2023,34,"NW","All",182,9,20.22
"1214",2023,34,"NW","Pipiens",51,9,5.67
"1215",2023,34,"NW","Tarsalis",131,9,14.56
"1216",2023,34,"SE","All",712,15,47.47
"1217",2023,34,"SE","Pipiens",127,15,8.47
"1218",2023,34,"SE","Tarsalis",585,15,39
"1219",2023,34,"SW","All",286,9,31.78
"1220",2023,34,"SW","Pipiens",80,9,8.89
"1221",2023,34,"SW","Tarsalis",206,9,22.89
"1222",2023,35,"BC","All",55,3,18.33
"1223",2023,35,"BC","Pipiens",30,3,10
"1224",2023,35,"BC","Tarsalis",25,3,8.33
"1225",2023,35,"BE","All",128,5,25.6
"1226",2023,35,"BE","Pipiens",53,5,10.6
"1227",2023,35,"BE","Tarsalis",75,5,15
"1228",2023,35,"LV","All",936,36,26
"1229",2023,35,"LV","Pipiens",338,36,9.39
"1230",2023,35,"LV","Tarsalis",598,36,16.61
"1231",2023,35,"NE","All",231,10,23.1
"1232",2023,35,"NE","Pipiens",164,10,16.4
"1233",2023,35,"NE","Tarsalis",67,10,6.7
"1234",2023,35,"NW","All",91,7,13
"1235",2023,35,"NW","Pipiens",46,7,6.57
"1236",2023,35,"NW","Tarsalis",45,7,6.43
"1237",2023,35,"SE","All",90,13,6.92
"1238",2023,35,"SE","Pipiens",42,13,3.23
"1239",2023,35,"SE","Tarsalis",48,13,3.69
"1240",2023,35,"SW","All",54,9,6
"1241",2023,35,"SW","Pipiens",15,9,1.67
"1242",2023,35,"SW","Tarsalis",39,9,4.33
"1243",2023,36,"BC","All",13,5,2.6
"1244",2023,36,"BC","Tarsalis",13,5,2.6
"1245",2023,36,"LV","All",360,25,14.4
"1246",2023,36,"LV","Pipiens",192,25,7.68
"1247",2023,36,"LV","Tarsalis",168,25,6.72
"1248",2023,36,"NE","All",226,6,37.67
"1249",2023,36,"NE","Pipiens",204,6,34
"1250",2023,36,"NE","Tarsalis",22,6,3.67
"1251",2023,36,"NW","All",9,3,3
"1252",2023,36,"NW","Pipiens",4,3,1.33
"1253",2023,36,"NW","Tarsalis",5,3,1.67
"1254",2023,36,"SE","All",103,10,10.3
"1255",2023,36,"SE","Pipiens",73,10,7.3
"1256",2023,36,"SE","Tarsalis",30,10,3
"1257",2023,36,"SW","All",47,5,9.4
"1258",2023,36,"SW","Pipiens",33,5,6.6
"1259",2023,36,"SW","Tarsalis",14,5,2.8
"1260",2023,37,"NE","All",323,6,53.83
"1261",2023,37,"NE","Pipiens",312,6,52
"1262",2023,37,"NE","Tarsalis",11,6,1.83
"1263",2023,37,"NW","All",17,6,2.83
"1264",2023,37,"NW","Pipiens",17,6,2.83
"1265",2023,37,"SE","All",109,12,9.08
"1266",2023,37,"SE","Pipiens",101,12,8.42
"1267",2023,37,"SE","Tarsalis",8,12,0.67
"1268",2023,37,"SW","All",13,4,3.25
"1269",2023,37,"SW","Pipiens",9,4,2.25
"1270",2023,37,"SW","Tarsalis",4,4,1
"1271",2024,25,"BE","All",7,3,2.33
"1272",2024,25,"BE","Pipiens",1,3,0.33
"1273",2024,25,"BE","Tarsalis",6,3,2
"1274",2024,25,"LV","All",281,25,11.24
"1275",2024,25,"LV","Pipiens",22,25,0.88
"1276",2024,25,"LV","Tarsalis",259,25,10.36
"1277",2024,25,"NE","All",134,8,16.75
"1278",2024,25,"NE","Pipiens",14,8,1.75
"1279",2024,25,"NE","Tarsalis",120,8,15
"1280",2024,25,"NW","All",53,6,8.83
"1281",2024,25,"NW","Pipiens",19,6,3.17
"1282",2024,25,"NW","Tarsalis",34,6,5.67
"1283",2024,25,"SE","All",97,14,6.93
"1284",2024,25,"SE","Pipiens",1,14,0.07
"1285",2024,25,"SE","Tarsalis",96,14,6.86
"1286",2024,25,"SW","All",15,4,3.75
"1287",2024,25,"SW","Pipiens",4,4,1
"1288",2024,25,"SW","Tarsalis",11,4,2.75
"1289",2024,26,"BE","All",132,5,26.4
"1290",2024,26,"BE","Pipiens",7,5,1.4
"1291",2024,26,"BE","Tarsalis",125,5,25
"1292",2024,26,"LV","All",556,33,16.85
"1293",2024,26,"LV","Pipiens",38,33,1.15
"1294",2024,26,"LV","Tarsalis",518,33,15.7
"1295",2024,26,"NE","All",290,10,29
"1296",2024,26,"NE","Pipiens",26,10,2.6
"1297",2024,26,"NE","Tarsalis",264,10,26.4
"1298",2024,26,"NW","All",72,7,10.29
"1299",2024,26,"NW","Pipiens",29,7,4.14
"1300",2024,26,"NW","Tarsalis",43,7,6.14
"1301",2024,26,"NW",NA,0,7,0
"1302",2024,26,"SE","All",234,15,15.6
"1303",2024,26,"SE","Pipiens",22,15,1.47
"1304",2024,26,"SE","Tarsalis",212,15,14.13
"1305",2024,26,"SW","All",23,6,3.83
"1306",2024,26,"SW","Pipiens",6,6,1
"1307",2024,26,"SW","Tarsalis",17,6,2.83
"1308",2024,27,"BE","All",165,5,33
"1309",2024,27,"BE","Pipiens",16,5,3.2
"1310",2024,27,"BE","Tarsalis",149,5,29.8
"1311",2024,27,"LV","All",571,27,21.15
"1312",2024,27,"LV","Pipiens",44,27,1.63
"1313",2024,27,"LV","Tarsalis",527,27,19.52
"1314",2024,27,"LV",NA,0,27,0
"1315",2024,27,"NE","All",203,9,22.56
"1316",2024,27,"NE","Pipiens",36,9,4
"1317",2024,27,"NE","Tarsalis",167,9,18.56
"1318",2024,27,"NW","All",61,7,8.71
"1319",2024,27,"NW","Pipiens",30,7,4.29
"1320",2024,27,"NW","Tarsalis",31,7,4.43
"1321",2024,27,"SE","All",148,14,10.57
"1322",2024,27,"SE","Pipiens",21,14,1.5
"1323",2024,27,"SE","Tarsalis",127,14,9.07
"1324",2024,27,"SW","All",18,4,4.5
"1325",2024,27,"SW","Pipiens",8,4,2
"1326",2024,27,"SW","Tarsalis",10,4,2.5
"1327",2024,28,"BE","All",182,5,36.4
"1328",2024,28,"BE","Pipiens",8,5,1.6
"1329",2024,28,"BE","Tarsalis",174,5,34.8
"1330",2024,28,"LV","All",820,35,23.43
"1331",2024,28,"LV","Pipiens",134,35,3.83
"1332",2024,28,"LV","Tarsalis",686,35,19.6
"1333",2024,28,"NE","All",205,10,20.5
"1334",2024,28,"NE","Pipiens",60,10,6
"1335",2024,28,"NE","Tarsalis",145,10,14.5
"1336",2024,28,"NW","All",167,9,18.56
"1337",2024,28,"NW","Pipiens",79,9,8.78
"1338",2024,28,"NW","Tarsalis",88,9,9.78
"1339",2024,28,"SE","All",387,13,29.77
"1340",2024,28,"SE","Pipiens",82,13,6.31
"1341",2024,28,"SE","Tarsalis",305,13,23.46
"1342",2024,28,"SE",NA,0,13,0
"1343",2024,28,"SW","All",100,8,12.5
"1344",2024,28,"SW","Pipiens",26,8,3.25
"1345",2024,28,"SW","Tarsalis",74,8,9.25
"1346",2024,28,"SW",NA,0,8,0
"1347",2024,29,"BE","All",450,5,90
"1348",2024,29,"BE","Pipiens",33,5,6.6
"1349",2024,29,"BE","Tarsalis",417,5,83.4
"1350",2024,29,"LV","All",673,31,21.71
"1351",2024,29,"LV","Pipiens",76,31,2.45
"1352",2024,29,"LV","Tarsalis",597,31,19.26
"1353",2024,29,"LV",NA,0,31,0
"1354",2024,29,"NE","All",356,9,39.56
"1355",2024,29,"NE","Pipiens",67,9,7.44
"1356",2024,29,"NE","Tarsalis",289,9,32.11
"1357",2024,29,"NE",NA,0,9,0
"1358",2024,29,"NW","All",232,8,29
"1359",2024,29,"NW","Pipiens",91,8,11.38
"1360",2024,29,"NW","Tarsalis",141,8,17.62
"1361",2024,29,"SE","All",331,15,22.07
"1362",2024,29,"SE","Pipiens",62,15,4.13
"1363",2024,29,"SE","Tarsalis",269,15,17.93
"1364",2024,29,"SW","All",44,6,7.33
"1365",2024,29,"SW","Pipiens",18,6,3
"1366",2024,29,"SW","Tarsalis",26,6,4.33
"1367",2024,30,"BE","All",248,5,49.6
"1368",2024,30,"BE","Pipiens",13,5,2.6
"1369",2024,30,"BE","Tarsalis",235,5,47
"1370",2024,30,"LV","All",950,31,30.65
"1371",2024,30,"LV","Pipiens",173,31,5.58
"1372",2024,30,"LV","Tarsalis",777,31,25.06
"1373",2024,30,"LV",NA,0,31,0
"1374",2024,30,"NE","All",121,10,12.1
"1375",2024,30,"NE","Pipiens",49,10,4.9
"1376",2024,30,"NE","Tarsalis",72,10,7.2
"1377",2024,30,"NW","All",217,9,24.11
"1378",2024,30,"NW","Pipiens",157,9,17.44
"1379",2024,30,"NW","Tarsalis",60,9,6.67
"1380",2024,30,"SE","All",364,15,24.27
"1381",2024,30,"SE","Pipiens",129,15,8.6
"1382",2024,30,"SE","Tarsalis",235,15,15.67
"1383",2024,30,"SW","All",79,7,11.29
"1384",2024,30,"SW","Pipiens",48,7,6.86
"1385",2024,30,"SW","Tarsalis",31,7,4.43
"1386",2024,30,"SW",NA,0,7,0
"1387",2024,31,"BE","All",334,5,66.8
"1388",2024,31,"BE","Pipiens",11,5,2.2
"1389",2024,31,"BE","Tarsalis",323,5,64.6
"1390",2024,31,"LV","All",1192,33,36.12
"1391",2024,31,"LV","Pipiens",193,33,5.85
"1392",2024,31,"LV","Tarsalis",999,33,30.27
"1393",2024,31,"LV",NA,0,33,0
"1394",2024,31,"NE","All",294,10,29.4
"1395",2024,31,"NE","Pipiens",61,10,6.1
"1396",2024,31,"NE","Tarsalis",233,10,23.3
"1397",2024,31,"NW","All",165,8,20.62
"1398",2024,31,"NW","Pipiens",48,8,6
"1399",2024,31,"NW","Tarsalis",117,8,14.62
"1400",2024,31,"SE","All",648,15,43.2
"1401",2024,31,"SE","Pipiens",88,15,5.87
"1402",2024,31,"SE","Tarsalis",560,15,37.33
"1403",2024,31,"SW","All",110,9,12.22
"1404",2024,31,"SW","Pipiens",31,9,3.44
"1405",2024,31,"SW","Tarsalis",79,9,8.78
"1406",2024,32,"BE","All",232,5,46.4
"1407",2024,32,"BE","Pipiens",27,5,5.4
"1408",2024,32,"BE","Tarsalis",205,5,41
"1409",2024,32,"LV","All",1106,33,33.52
"1410",2024,32,"LV","Pipiens",159,33,4.82
"1411",2024,32,"LV","Tarsalis",947,33,28.7
"1412",2024,32,"LV",NA,0,33,0
"1413",2024,32,"NE","All",361,10,36.1
"1414",2024,32,"NE","Pipiens",82,10,8.2
"1415",2024,32,"NE","Tarsalis",279,10,27.9
"1416",2024,32,"NW","All",252,9,28
"1417",2024,32,"NW","Pipiens",126,9,14
"1418",2024,32,"NW","Tarsalis",126,9,14
"1419",2024,32,"SE","All",346,15,23.07
"1420",2024,32,"SE","Pipiens",123,15,8.2
"1421",2024,32,"SE","Tarsalis",223,15,14.87
"1422",2024,32,"SW","All",81,6,13.5
"1423",2024,32,"SW","Pipiens",28,6,4.67
"1424",2024,32,"SW","Tarsalis",53,6,8.83
"1425",2024,32,"SW",NA,0,6,0
"1426",2024,33,"BE","All",219,5,43.8
"1427",2024,33,"BE","Pipiens",38,5,7.6
"1428",2024,33,"BE","Tarsalis",181,5,36.2
"1429",2024,33,"LV","All",954,31,30.77
"1430",2024,33,"LV","Pipiens",203,31,6.55
"1431",2024,33,"LV","Tarsalis",751,31,24.23
"1432",2024,33,"LV",NA,0,31,0
"1433",2024,33,"NE","All",317,9,35.22
"1434",2024,33,"NE","Pipiens",85,9,9.44
"1435",2024,33,"NE","Tarsalis",232,9,25.78
"1436",2024,33,"NE",NA,0,9,0
"1437",2024,33,"NW","All",101,9,11.22
"1438",2024,33,"NW","Pipiens",43,9,4.78
"1439",2024,33,"NW","Tarsalis",58,9,6.44
"1440",2024,33,"SE","All",340,14,24.29
"1441",2024,33,"SE","Pipiens",69,14,4.93
"1442",2024,33,"SE","Tarsalis",271,14,19.36
"1443",2024,33,"SE",NA,0,14,0
"1444",2024,33,"SW","All",54,7,7.71
"1445",2024,33,"SW","Pipiens",14,7,2
"1446",2024,33,"SW","Tarsalis",40,7,5.71
"1447",2024,34,"BE","All",102,5,20.4
"1448",2024,34,"BE","Pipiens",6,5,1.2
"1449",2024,34,"BE","Tarsalis",96,5,19.2
"1450",2024,34,"LV","All",669,28,23.89
"1451",2024,34,"LV","Pipiens",149,28,5.32
"1452",2024,34,"LV","Tarsalis",520,28,18.57
"1453",2024,34,"LV",NA,0,28,0
"1454",2024,34,"NE","All",233,10,23.3
"1455",2024,34,"NE","Pipiens",73,10,7.3
"1456",2024,34,"NE","Tarsalis",160,10,16
"1457",2024,34,"NW","All",98,9,10.89
"1458",2024,34,"NW","Pipiens",49,9,5.44
"1459",2024,34,"NW","Tarsalis",49,9,5.44
"1460",2024,34,"SE","All",285,14,20.36
"1461",2024,34,"SE","Pipiens",122,14,8.71
"1462",2024,34,"SE","Tarsalis",163,14,11.64
"1463",2024,34,"SE",NA,0,14,0
"1464",2024,34,"SW","All",51,7,7.29
"1465",2024,34,"SW","Pipiens",12,7,1.71
"1466",2024,34,"SW","Tarsalis",39,7,5.57
"1467",2024,35,"BE","All",60,5,12
"1468",2024,35,"BE","Pipiens",29,5,5.8
"1469",2024,35,"BE","Tarsalis",31,5,6.2
"1470",2024,35,"LV","All",625,30,20.83
"1471",2024,35,"LV","Pipiens",325,30,10.83
"1472",2024,35,"LV","Tarsalis",300,30,10
"1473",2024,35,"LV",NA,0,30,0
"1474",2024,35,"NE","All",110,9,12.22
"1475",2024,35,"NE","Pipiens",70,9,7.78
"1476",2024,35,"NE","Tarsalis",40,9,4.44
"1477",2024,35,"NW","All",77,8,9.62
"1478",2024,35,"NW","Pipiens",49,8,6.12
"1479",2024,35,"NW","Tarsalis",28,8,3.5
"1480",2024,35,"SE","All",276,14,19.71
"1481",2024,35,"SE","Pipiens",113,14,8.07
"1482",2024,35,"SE","Tarsalis",163,14,11.64
"1483",2024,35,"SW","All",90,9,10
"1484",2024,35,"SW","Pipiens",45,9,5
"1485",2024,35,"SW","Tarsalis",45,9,5
"1486",2024,36,"NE","All",177,9,19.67
"1487",2024,36,"NE","Pipiens",134,9,14.89
"1488",2024,36,"NE","Tarsalis",43,9,4.78
"1489",2024,36,"NW","All",34,8,4.25
"1490",2024,36,"NW","Pipiens",27,8,3.38
"1491",2024,36,"NW","Tarsalis",7,8,0.88
"1492",2024,36,"NW",NA,0,8,0
"1493",2024,36,"SE","All",136,13,10.46
"1494",2024,36,"SE","Pipiens",81,13,6.23
"1495",2024,36,"SE","Tarsalis",55,13,4.23
"1496",2024,36,"SW","All",19,7,2.71
"1497",2024,36,"SW","Pipiens",13,7,1.86
"1498",2024,36,"SW","Tarsalis",6,7,0.86
"1499",2024,37,"NE","All",136,8,17
"1500",2024,37,"NE","Pipiens",111,8,13.88
"1501",2024,37,"NE","Tarsalis",25,8,3.12
"1502",2024,37,"NW","All",38,9,4.22
"1503",2024,37,"NW","Pipiens",34,9,3.78
"1504",2024,37,"NW","Tarsalis",4,9,0.44
"1505",2024,37,"SE","All",70,11,6.36
"1506",2024,37,"SE","Pipiens",39,11,3.55
"1507",2024,37,"SE","Tarsalis",31,11,2.82
"1508",2024,37,"SE",NA,0,11,0
"1509",2024,37,"SW","All",16,5,3.2
"1510",2024,37,"SW","Pipiens",9,5,1.8
"1511",2024,37,"SW","Tarsalis",7,5,1.4
"1512",2024,37,"SW",NA,0,5,0
