"","csu_id","trap_id","year","week","trap_date","county","method","spp","total","test_code","cq","copies_WNV","seq","zone","status"
"1","CDC016","BE-001",2024,25,"2024-06-19","LC","L","Tarsalis",50,0,TRUE,NA,NA,"BE","old + new"
"2","CDC017","BE-001",2024,25,"2024-06-19","LC","L","Tarsalis",40,0,TRUE,NA,NA,"BE","old + new"
"3","CDC018","BE-001",2024,25,"2024-06-19","LC","L","Tarsalis",3,0,TRUE,NA,NA,"BE","old + new"
"4","CDC015","BE-001",2024,25,"2024-06-19","LC","L","Pipiens",1,0,TRUE,NA,NA,"BE","old + new"
"5","CDC011","BE-002",2024,25,"2024-06-19","LC","L","Tarsalis",9,0,TRUE,NA,NA,"BE","old + new"
"6","CDC010","BE-002",2024,25,"2024-06-19","LC","L","Pipiens",1,0,TRUE,NA,NA,"BE","old + new"
"7","CDC009","BE-003",2024,25,"2024-06-19","LC","L","Tarsalis",43,0,TRUE,NA,NA,"BE","old + new"
"8","CDC012","BE-003",2024,25,"2024-06-19","LC","L","Tarsalis",1,0,TRUE,NA,NA,"BE","old + new"
"9","CSU00000","BE-003",2024,25,"2024-06-19","LC","L","Pipiens",0,NA,NA,NA,NA,"BE","old + new"
"10","CDC013","BE-004",2024,25,"2024-06-19","LC","L","Tarsalis",8,0,TRUE,NA,NA,"BE","old + new"
"11","CDC014","BE-004",2024,25,"2024-06-19","LC","L","Pipiens",1,0,TRUE,NA,NA,"BE","old + new"
"12","CDC005","BE-005",2024,25,"2024-06-19","LC","L","Tarsalis",5,0,TRUE,NA,NA,"BE","old + new"
"13","CDC008","BE-005",2024,25,"2024-06-19","LC","L","Pipiens",1,0,TRUE,NA,NA,"BE","old + new"
"14","CSU21898","LC-001",2024,25,"2024-06-19","LC","L","Tarsalis",1,0,TRUE,NA,NA,"BE","old + new"
"15","CSU21899","LC-001",2024,25,"2024-06-19","LC","L","Pipiens",1,0,TRUE,NA,NA,"BE","old + new"
"16","CSU21900","LC-049",2024,25,"2024-06-19","LC","L","Tarsalis",1,0,TRUE,NA,NA,"BE","old + new"
"17","CSU00000","LC-049",2024,25,"2024-06-19","LC","L","Pipiens",0,NA,NA,NA,NA,"BE","old + new"
"18","CSU21897","LC-054",2024,25,"2024-06-19","LC","L","Tarsalis",4,0,TRUE,NA,NA,"BE","old + new"
"19","CSU00000","LC-054",2024,25,"2024-06-19","LC","L","Pipiens",0,NA,NA,NA,NA,"BE","old + new"
"20","CDC027","BE-001",2024,26,"2024-06-26","LC","L","Tarsalis",11,0,TRUE,TRUE,NA,"BE","old + new"
"21","CDC028","BE-001",2024,26,"2024-06-26","LC","L","Tarsalis",50,0,TRUE,FALSE,NA,"BE","old + new"
"22","CDC029","BE-001",2024,26,"2024-06-26","LC","L","Tarsalis",50,0,TRUE,FALSE,NA,"BE","old + new"
"23","CDC030","BE-001",2024,26,"2024-06-26","LC","L","Tarsalis",50,0,TRUE,FALSE,NA,"BE","old + new"
"24","CDC031","BE-001",2024,26,"2024-06-26","LC","L","Tarsalis",50,0,TRUE,FALSE,NA,"BE","old + new"
"25","CDC032","BE-001",2024,26,"2024-06-26","LC","L","Tarsalis",4,0,TRUE,TRUE,NA,"BE","old + new"
"26","CDC026","BE-001",2024,26,"2024-06-26","LC","L","Pipiens",2,0,TRUE,TRUE,NA,"BE","old + new"
"27","CDC019","BE-002",2024,26,"2024-06-26","LC","L","Tarsalis",34,0,TRUE,FALSE,NA,"BE","old + new"
"28","CSU00000","BE-002",2024,26,"2024-06-26","LC","L","Pipiens",0,NA,NA,NA,NA,"BE","old + new"
"29","CDC033","BE-003",2024,26,"2024-06-26","LC","L","Tarsalis",18,0,TRUE,TRUE,NA,"BE","old + new"
"30","CDC034","BE-003",2024,26,"2024-06-26","LC","L","Tarsalis",5,0,TRUE,TRUE,NA,"BE","old + new"
"31","CDC035","BE-003",2024,26,"2024-06-26","LC","L","Tarsalis",38,0,TRUE,FALSE,NA,"BE","old + new"
"32","CSU00000","BE-003",2024,26,"2024-06-26","LC","L","Pipiens",0,NA,NA,NA,NA,"BE","old + new"
"33","CDC020","BE-004",2024,26,"2024-06-26","LC","L","Tarsalis",36,0,TRUE,FALSE,NA,"BE","old + new"
"34","CDC021","BE-004",2024,26,"2024-06-26","LC","L","Tarsalis",4,0,TRUE,TRUE,NA,"BE","old + new"
"35","CDC022","BE-004",2024,26,"2024-06-26","LC","L","Pipiens",8,0,TRUE,TRUE,NA,"BE","old + new"
"36","CDC024","BE-005",2024,26,"2024-06-26","LC","L","Tarsalis",1,0,TRUE,TRUE,NA,"BE","old + new"
"37","CDC025","BE-005",2024,26,"2024-06-26","LC","L","Tarsalis",24,0,TRUE,TRUE,NA,"BE","old + new"
"38","CDC023","BE-005",2024,26,"2024-06-26","LC","L","Pipiens",2,0,TRUE,TRUE,NA,"BE","old + new"
"39","CSU21981","LC-001",2024,26,"2024-06-26","LC","L","Tarsalis",16,0,TRUE,TRUE,NA,"BE","old + new"
"40","CSU21982","LC-001",2024,26,"2024-06-26","LC","L","Pipiens",3,0,TRUE,TRUE,NA,"BE","old + new"
"41","CSU21984","LC-049",2024,26,"2024-06-26","LC","L","Tarsalis",8,0,TRUE,TRUE,NA,"BE","old + new"
"42","CSU00000","LC-049",2024,26,"2024-06-26","LC","L","Pipiens",0,NA,NA,NA,NA,"BE","old + new"
"43","CSU21989","LC-053",2024,26,"2024-06-26","LC","L","Tarsalis",42,0,TRUE,FALSE,NA,"BE","old + new"
"44","CSU21990","LC-053",2024,26,"2024-06-26","LC","L","Pipiens",2,0,TRUE,TRUE,NA,"BE","old + new"
"45","CSU21978","LC-054",2024,26,"2024-06-26","LC","L","Tarsalis",50,0,TRUE,FALSE,NA,"BE","old + new"
"46","CSU21979","LC-054",2024,26,"2024-06-26","LC","L","Tarsalis",8,0,TRUE,TRUE,NA,"BE","old + new"
"47","CSU21980","LC-054",2024,26,"2024-06-26","LC","L","Pipiens",2,0,TRUE,TRUE,NA,"BE","old + new"
"48","CSU21983","WC-055",2024,26,"2024-06-26","LC","L","Tarsalis",1,0,TRUE,TRUE,NA,"BE","old + new"
"49","CSU00000","WC-055",2024,26,"2024-06-26","LC","L","Pipiens",0,NA,NA,NA,NA,"BE","old + new"
"50","CDC048","BE-001",2024,27,"2024-07-03","LC","L","Tarsalis",8,0,TRUE,TRUE,NA,"BE","old + new"
"51","CDC049","BE-001",2024,27,"2024-07-03","LC","L","Tarsalis",50,0,TRUE,FALSE,NA,"BE","old + new"
"52","CDC050","BE-001",2024,27,"2024-07-03","LC","L","Tarsalis",50,0,TRUE,FALSE,NA,"BE","old + new"
"53","CDC051","BE-001",2024,27,"2024-07-03","LC","L","Tarsalis",50,0,TRUE,FALSE,NA,"BE","old + new"
"54","CDC052","BE-001",2024,27,"2024-07-03","LC","L","Tarsalis",28,0,TRUE,TRUE,NA,"BE","old + new"
"55","CDC047","BE-001",2024,27,"2024-07-03","LC","L","Pipiens",2,0,TRUE,TRUE,NA,"BE","old + new"
"56","CDC038","BE-002",2024,27,"2024-07-03","LC","L","Tarsalis",50,0,TRUE,TRUE,NA,"BE","old + new"
"57","CDC039","BE-002",2024,27,"2024-07-03","LC","L","Tarsalis",25,0,TRUE,FALSE,NA,"BE","old + new"
"58","CDC040","BE-002",2024,27,"2024-07-03","LC","L","Tarsalis",3,0,TRUE,TRUE,NA,"BE","old + new"
"59","CDC056","BE-002",2024,27,"2024-07-03","LC","L","Tarsalis",4,0,TRUE,FALSE,NA,"BE","old + new"
"60","CDC041","BE-002",2024,27,"2024-07-03","LC","L","Pipiens",2,0,TRUE,TRUE,NA,"BE","old + new"
"61","CDC054","BE-003",2024,27,"2024-07-03","LC","L","Tarsalis",40,0,TRUE,FALSE,NA,"BE","old + new"
"62","CDC055","BE-003",2024,27,"2024-07-03","LC","L","Tarsalis",2,0,TRUE,FALSE,NA,"BE","old + new"
"63","CDC057","BE-003",2024,27,"2024-07-03","LC","L","Tarsalis",2,0,TRUE,FALSE,NA,"BE","old + new"
"64","CDC053","BE-003",2024,27,"2024-07-03","LC","L","Pipiens",2,0,TRUE,TRUE,NA,"BE","old + new"
"65","CDC043","BE-004",2024,27,"2024-07-03","LC","L","Tarsalis",5,0,TRUE,TRUE,NA,"BE","old + new"
"66","CDC044","BE-004",2024,27,"2024-07-03","LC","L","Tarsalis",36,0,TRUE,TRUE,NA,"BE","old + new"
"67","CDC042","BE-004",2024,27,"2024-07-03","LC","L","Pipiens",7,0,TRUE,TRUE,NA,"BE","old + new"
"68","CDC046","BE-005",2024,27,"2024-07-03","LC","L","Tarsalis",28,0,TRUE,TRUE,NA,"BE","old + new"
"69","CDC045","BE-005",2024,27,"2024-07-03","LC","L","Pipiens",6,0,TRUE,TRUE,NA,"BE","old + new"
"70","CSU22105","LC-001",2024,27,"2024-07-03","LC","L","Tarsalis",42,0,TRUE,FALSE,NA,"BE","old + new"
"71","CSU22106","LC-001",2024,27,"2024-07-03","LC","L","Pipiens",14,0,TRUE,FALSE,NA,"BE","old + new"
"72","CSU22110","LC-049",2024,27,"2024-07-03","LC","L","Tarsalis",6,0,TRUE,TRUE,NA,"BE","old + new"
"73","CSU22111","LC-049",2024,27,"2024-07-03","LC","L","Pipiens",1,0,TRUE,TRUE,NA,"BE","old + new"
"74","CSU22103","LC-053",2024,27,"2024-07-03","LC","L","Tarsalis",50,0,TRUE,FALSE,NA,"BE","old + new"
"75","CSU22104","LC-053",2024,27,"2024-07-03","LC","L","Tarsalis",5,0,TRUE,TRUE,NA,"BE","old + new"
"76","CSU00000","LC-053",2024,27,"2024-07-03","LC","L","Pipiens",0,NA,NA,NA,NA,"BE","old + new"
"77","CSU22108","LC-054",2024,27,"2024-07-03","LC","L","Tarsalis",44,0,TRUE,FALSE,NA,"BE","old + new"
"78","CSU22109","LC-054",2024,27,"2024-07-03","LC","L","Pipiens",1,0,TRUE,TRUE,NA,"BE","old + new"
"79","CSU22107","WC-055",2024,27,"2024-07-03","LC","L","Tarsalis",2,0,TRUE,TRUE,NA,"BE","old + new"
"80","CSU00000","WC-055",2024,27,"2024-07-03","LC","L","Pipiens",0,NA,NA,NA,NA,"BE","old + new"
"81","CDC061","BE-001",2024,28,"2024-07-10","LC","L","Tarsalis",50,0,TRUE,FALSE,NA,"BE","old + new"
"82","CDC071","BE-001",2024,28,"2024-07-10","LC","L","Tarsalis",5,0,TRUE,FALSE,NA,"BE","old + new"
"83","CDC072","BE-001",2024,28,"2024-07-10","LC","L","Tarsalis",50,0,TRUE,FALSE,NA,"BE","old + new"
"84","CDC073","BE-001",2024,28,"2024-07-10","LC","L","Tarsalis",50,0,TRUE,FALSE,NA,"BE","old + new"
"85","CDC074","BE-001",2024,28,"2024-07-10","LC","L","Tarsalis",27,0,TRUE,FALSE,NA,"BE","old + new"
"86","CDC070","BE-001",2024,28,"2024-07-10","LC","L","Pipiens",21,0,TRUE,FALSE,NA,"BE","old + new"
"87","CDC065","BE-003",2024,28,"2024-07-10","LC","L","Tarsalis",1,0,TRUE,FALSE,NA,"BE","old + new"
"88","CDC066","BE-003",2024,28,"2024-07-10","LC","L","Tarsalis",9,0,TRUE,FALSE,NA,"BE","old + new"
"89","CDC067","BE-003",2024,28,"2024-07-10","LC","L","Pipiens",2,1,TRUE,TRUE,NA,"BE","old + new"
"90","CDC062","BE-004",2024,28,"2024-07-10","LC","L","Tarsalis",8,0,TRUE,FALSE,NA,"BE","old + new"
"91","CDC063","BE-004",2024,28,"2024-07-10","LC","L","Tarsalis",50,0,TRUE,FALSE,NA,"BE","old + new"
"92","CDC064","BE-004",2024,28,"2024-07-10","LC","L","Tarsalis",49,0,TRUE,FALSE,NA,"BE","old + new"
"93","CDC068","BE-004",2024,28,"2024-07-10","LC","L","Pipiens",1,0,TRUE,FALSE,NA,"BE","old + new"
"94","CDC069","BE-004",2024,28,"2024-07-10","LC","L","Pipiens",17,0,TRUE,FALSE,NA,"BE","old + new"
"95","CDC058","BE-005",2024,28,"2024-07-10","LC","L","Tarsalis",50,0,TRUE,FALSE,NA,"BE","old + new"
"96","CDC059","BE-005",2024,28,"2024-07-10","LC","L","Tarsalis",7,0,TRUE,TRUE,NA,"BE","old + new"
"97","CDC060","BE-005",2024,28,"2024-07-10","LC","L","Tarsalis",2,0,TRUE,FALSE,NA,"BE","old + new"
"98","CSU00000","BE-005",2024,28,"2024-07-10","LC","L","Pipiens",0,NA,NA,NA,NA,"BE","old + new"
"99","CSU22177","LC-001",2024,28,"2024-07-10","LC","L","Tarsalis",44,0,TRUE,FALSE,NA,"BE","old + new"
"100","CSU22178","LC-001",2024,28,"2024-07-10","LC","L","Pipiens",7,0,TRUE,FALSE,NA,"BE","old + new"
"101","CSU22179","LC-049",2024,28,"2024-07-10","LC","L","Tarsalis",41,0,TRUE,FALSE,NA,"BE","old + new"
"102","CSU00000","LC-049",2024,28,"2024-07-10","LC","L","Pipiens",0,NA,NA,NA,NA,"BE","old + new"
"103","CSU22172","LC-053",2024,28,"2024-07-10","LC","L","Tarsalis",12,0,TRUE,FALSE,NA,"BE","old + new"
"104","CSU00000","LC-053",2024,28,"2024-07-10","LC","L","Pipiens",0,NA,NA,NA,NA,"BE","old + new"
"105","CSU22174","LC-054",2024,28,"2024-07-10","LC","L","Tarsalis",50,0,TRUE,FALSE,NA,"BE","old + new"
"106","CSU22175","LC-054",2024,28,"2024-07-10","LC","L","Tarsalis",22,0,TRUE,FALSE,NA,"BE","old + new"
"107","CSU22176","LC-054",2024,28,"2024-07-10","LC","L","Pipiens",1,0,TRUE,TRUE,NA,"BE","old + new"
"108","CSU22173","WC-055",2024,28,"2024-07-10","LC","L","Tarsalis",5,0,TRUE,TRUE,NA,"BE","old + new"
"109","CSU00000","WC-055",2024,28,"2024-07-10","LC","L","Pipiens",0,NA,NA,NA,NA,"BE","old + new"
"110","CDC087","BE-001",2024,29,"2024-07-17","LC","L","Tarsalis",6,1,TRUE,TRUE,NA,"BE","old + new"
"111","CDC088","BE-001",2024,29,"2024-07-17","LC","L","Tarsalis",50,0,TRUE,FALSE,NA,"BE","old + new"
"112","CDC089","BE-001",2024,29,"2024-07-17","LC","L","Tarsalis",50,0,TRUE,FALSE,NA,"BE","old + new"
"113","CDC090","BE-001",2024,29,"2024-07-17","LC","L","Tarsalis",50,0,TRUE,FALSE,NA,"BE","old + new"
"114","CDC092","BE-001",2024,29,"2024-07-17","LC","L","Tarsalis",50,0,TRUE,FALSE,NA,"BE","old + new"
"115","CDC093","BE-001",2024,29,"2024-07-17","LC","L","Tarsalis",24,0,TRUE,FALSE,NA,"BE","old + new"
"116","CDC097","BE-001",2024,29,"2024-07-17","LC","L","Tarsalis",50,0,TRUE,TRUE,NA,"BE","old + new"
"117","CDC098","BE-001",2024,29,"2024-07-17","LC","L","Tarsalis",18,0,TRUE,FALSE,NA,"BE","old + new"
"118","CDC099","BE-001",2024,29,"2024-07-17","LC","L","Tarsalis",2,1,TRUE,TRUE,NA,"BE","old + new"
"119","CDC086","BE-001",2024,29,"2024-07-17","LC","L","Pipiens",3,0,TRUE,FALSE,NA,"BE","old + new"
"120","CDC080","BE-002",2024,29,"2024-07-17","LC","L","Tarsalis",50,0,TRUE,FALSE,NA,"BE","old + new"
"121","CDC081","BE-002",2024,29,"2024-07-17","LC","L","Tarsalis",50,1,TRUE,TRUE,NA,"BE","old + new"
"122","CDC082","BE-002",2024,29,"2024-07-17","LC","L","Tarsalis",3,0,TRUE,FALSE,NA,"BE","old + new"
"123","CDC083","BE-002",2024,29,"2024-07-17","LC","L","Tarsalis",3,0,TRUE,FALSE,NA,"BE","old + new"
"124","CDC084","BE-002",2024,29,"2024-07-17","LC","L","Pipiens",4,0,TRUE,FALSE,NA,"BE","old + new"
"125","CDC076","BE-003",2024,29,"2024-07-17","LC","L","Tarsalis",3,0,TRUE,FALSE,NA,"BE","old + new"
"126","CSU00000","BE-003",2024,29,"2024-07-17","LC","L","Pipiens",0,NA,NA,NA,NA,"BE","old + new"
"127","CDC085","BE-004",2024,29,"2024-07-17","LC","L","Tarsalis",50,0,TRUE,FALSE,NA,"BE","old + new"
"128","CDC091","BE-004",2024,29,"2024-07-17","LC","L","Tarsalis",50,0,TRUE,FALSE,NA,"BE","old + new"
"129","CDC094","BE-004",2024,29,"2024-07-17","LC","L","Tarsalis",42,0,TRUE,FALSE,NA,"BE","old + new"
"130","CDC095","BE-004",2024,29,"2024-07-17","LC","L","Tarsalis",19,0,TRUE,FALSE,NA,"BE","old + new"
"131","CDC096","BE-004",2024,29,"2024-07-17","LC","L","Pipiens",22,0,TRUE,FALSE,NA,"BE","old + new"
"132","CDC100","BE-004",2024,29,"2024-07-17","LC","L","Pipiens",1,0,TRUE,FALSE,NA,"BE","old + new"
"133","CDC077","BE-005",2024,29,"2024-07-17","LC","L","Tarsalis",3,0,TRUE,TRUE,NA,"BE","old + new"
"134","CDC078","BE-005",2024,29,"2024-07-17","LC","L","Tarsalis",50,0,TRUE,FALSE,NA,"BE","old + new"
"135","CDC079","BE-005",2024,29,"2024-07-17","LC","L","Tarsalis",29,0,TRUE,FALSE,NA,"BE","old + new"
"136","CDC075","BE-005",2024,29,"2024-07-17","LC","L","Pipiens",3,0,TRUE,FALSE,NA,"BE","old + new"
"137","CSU22311","LC-001",2024,29,"2024-07-17","LC","L","Tarsalis",50,0,TRUE,FALSE,NA,"BE","old + new"
"138","CSU22312","LC-001",2024,29,"2024-07-17","LC","L","Tarsalis",50,0,TRUE,FALSE,NA,"BE","old + new"
"139","CSU22313","LC-001",2024,29,"2024-07-17","LC","L","Tarsalis",50,0,TRUE,FALSE,NA,"BE","old + new"
"140","CSU22314","LC-001",2024,29,"2024-07-17","LC","L","Tarsalis",38,0,TRUE,FALSE,NA,"BE","old + new"
"141","CSU22315","LC-001",2024,29,"2024-07-17","LC","L","Pipiens",31,0,TRUE,FALSE,NA,"BE","old + new"
"142","CSU22306","LC-049",2024,29,"2024-07-17","LC","L","Tarsalis",50,0,TRUE,FALSE,NA,"BE","old + new"
"143","CSU22307","LC-049",2024,29,"2024-07-17","LC","L","Tarsalis",28,0,TRUE,FALSE,NA,"BE","old + new"
"144","CSU22308","LC-049",2024,29,"2024-07-17","LC","L","Pipiens",2,0,TRUE,TRUE,NA,"BE","old + new"
"145","CSU22302","LC-053",2024,29,"2024-07-17","LC","L","Tarsalis",50,0,TRUE,FALSE,NA,"BE","old + new"
"146","CSU22303","LC-053",2024,29,"2024-07-17","LC","L","Tarsalis",50,0,TRUE,FALSE,NA,"BE","old + new"
"147","CSU22304","LC-053",2024,29,"2024-07-17","LC","L","Tarsalis",40,0,TRUE,FALSE,NA,"BE","old + new"
"148","CSU00000","LC-053",2024,29,"2024-07-17","LC","L","Pipiens",0,NA,NA,NA,NA,"BE","old + new"
"149","CSU22300","LC-054",2024,29,"2024-07-17","LC","L","Tarsalis",1,0,TRUE,FALSE,NA,"BE","old + new"
"150","CSU00000","LC-054",2024,29,"2024-07-17","LC","L","Pipiens",0,NA,NA,NA,NA,"BE","old + new"
"151","CSU22301","WC-055",2024,29,"2024-07-17","LC","L","Tarsalis",10,0,TRUE,FALSE,NA,"BE","old + new"
"152","CSU00000","WC-055",2024,29,"2024-07-17","LC","L","Pipiens",0,NA,NA,NA,NA,"BE","old + new"
"153","CDC104","BE-001",2024,30,"2024-07-24","LC","L","Tarsalis",50,0,TRUE,FALSE,NA,"BE","old + new"
"154","CDC105","BE-001",2024,30,"2024-07-24","LC","L","Tarsalis",50,0,TRUE,FALSE,NA,"BE","old + new"
"155","CDC110","BE-001",2024,30,"2024-07-24","LC","L","Tarsalis",50,0,TRUE,FALSE,NA,"BE","old + new"
"156","CDC111","BE-001",2024,30,"2024-07-24","LC","L","Tarsalis",50,0,TRUE,FALSE,NA,"BE","old + new"
"157","CDC112","BE-001",2024,30,"2024-07-24","LC","L","Tarsalis",50,0,TRUE,FALSE,NA,"BE","old + new"
"158","CDC113","BE-001",2024,30,"2024-07-24","LC","L","Tarsalis",38,0,TRUE,FALSE,NA,"BE","old + new"
"159","CDC114","BE-001",2024,30,"2024-07-24","LC","L","Tarsalis",24,0,TRUE,FALSE,NA,"BE","old + new"
"160","CDC116","BE-001",2024,30,"2024-07-24","LC","L","Tarsalis",3,0,TRUE,TRUE,NA,"BE","old + new"
"161","CDC115","BE-001",2024,30,"2024-07-24","LC","L","Pipiens",5,0,TRUE,FALSE,NA,"BE","old + new"
"162","CDC118","BE-002",2024,30,"2024-07-24","LC","L","Tarsalis",8,0,TRUE,FALSE,NA,"BE","old + new"
"163","CDC119","BE-002",2024,30,"2024-07-24","LC","L","Tarsalis",50,1,TRUE,TRUE,NA,"BE","old + new"
"164","CDC120","BE-002",2024,30,"2024-07-24","LC","L","Tarsalis",50,0,TRUE,FALSE,NA,"BE","old + new"
"165","CDC121","BE-002",2024,30,"2024-07-24","LC","L","Tarsalis",36,0,TRUE,FALSE,NA,"BE","old + new"
"166","CDC117","BE-002",2024,30,"2024-07-24","LC","L","Pipiens",9,0,TRUE,TRUE,NA,"BE","old + new"
"167","CDC107","BE-004",2024,30,"2024-07-24","LC","L","Tarsalis",6,0,TRUE,FALSE,NA,"BE","old + new"
"168","CDC108","BE-004",2024,30,"2024-07-24","LC","L","Tarsalis",50,0,TRUE,FALSE,NA,"BE","old + new"
"169","CDC109","BE-004",2024,30,"2024-07-24","LC","L","Tarsalis",33,0,TRUE,FALSE,NA,"BE","old + new"
"170","CDC106","BE-004",2024,30,"2024-07-24","LC","L","Pipiens",28,0,TRUE,FALSE,NA,"BE","old + new"
"171","CDC101","BE-005",2024,30,"2024-07-24","LC","L","Tarsalis",50,0,TRUE,FALSE,NA,"BE","old + new"
"172","CDC102","BE-005",2024,30,"2024-07-24","LC","L","Tarsalis",15,0,TRUE,FALSE,NA,"BE","old + new"
"173","CDC103","BE-005",2024,30,"2024-07-24","LC","L","Pipiens",4,0,TRUE,FALSE,NA,"BE","old + new"
"174","CSU22415","LC-001",2024,30,"2024-07-24","LC","L","Tarsalis",50,0,TRUE,FALSE,NA,"BE","old + new"
"175","CSU22416","LC-001",2024,30,"2024-07-24","LC","L","Tarsalis",13,0,TRUE,FALSE,NA,"BE","old + new"
"176","CSU22417","LC-001",2024,30,"2024-07-24","LC","L","Pipiens",11,0,TRUE,FALSE,NA,"BE","old + new"
"177","CSU22421","LC-049",2024,30,"2024-07-24","LC","L","Tarsalis",50,0,TRUE,FALSE,NA,"BE","old + new"
"178","CSU22422","LC-049",2024,30,"2024-07-24","LC","L","Tarsalis",48,0,TRUE,FALSE,NA,"BE","old + new"
"179","CSU00000","LC-049",2024,30,"2024-07-24","LC","L","Pipiens",0,NA,NA,NA,NA,"BE","old + new"
"180","CSU22409","LC-053",2024,30,"2024-07-24","LC","L","Tarsalis",16,0,TRUE,FALSE,NA,"BE","old + new"
"181","CSU22410","LC-053",2024,30,"2024-07-24","LC","L","Pipiens",2,0,TRUE,FALSE,NA,"BE","old + new"
"182","CSU22407","LC-054",2024,30,"2024-07-24","LC","L","Tarsalis",50,0,TRUE,FALSE,NA,"BE","old + new"
"183","CSU22408","LC-054",2024,30,"2024-07-24","LC","L","Tarsalis",7,0,TRUE,FALSE,NA,"BE","old + new"
"184","CSU00000","LC-054",2024,30,"2024-07-24","LC","L","Pipiens",0,NA,NA,NA,NA,"BE","old + new"
"185","CSU22418","WC-055",2024,30,"2024-07-24","LC","L","Tarsalis",1,0,TRUE,FALSE,NA,"BE","old + new"
"186","CSU00000","WC-055",2024,30,"2024-07-24","LC","L","Pipiens",0,NA,NA,NA,NA,"BE","old + new"
"187","CDC 126","BE-001",2024,31,"2024-07-31","LC","L","Tarsalis",50,NA,NA,NA,NA,"BE","old + new"
"188","CDC 127","BE-001",2024,31,"2024-07-31","LC","L","Tarsalis",50,NA,NA,NA,NA,"BE","old + new"
"189","CDC128","BE-001",2024,31,"2024-07-31","LC","L","Tarsalis",18,0,TRUE,FALSE,NA,"BE","old + new"
"190","CDC129","BE-001",2024,31,"2024-07-31","LC","L","Tarsalis",3,0,TRUE,FALSE,NA,"BE","old + new"
"191","CDC147","BE-001",2024,31,"2024-07-31","LC","L","Pipiens",1,0,TRUE,FALSE,NA,"BE","old + new"
"192","CDC141","BE-002",2024,31,"2024-07-31","LC","L","Tarsalis",50,1,TRUE,TRUE,NA,"BE","old + new"
"193","CDC142","BE-002",2024,31,"2024-07-31","LC","L","Tarsalis",50,0,TRUE,FALSE,NA,"BE","old + new"
"194","CDC143","BE-002",2024,31,"2024-07-31","LC","L","Tarsalis",50,0,TRUE,FALSE,NA,"BE","old + new"
"195","CDC144","BE-002",2024,31,"2024-07-31","LC","L","Tarsalis",18,0,TRUE,FALSE,NA,"BE","old + new"
"196","CSU00000","BE-002",2024,31,"2024-07-31","LC","L","Pipiens",0,NA,NA,NA,NA,"BE","old + new"
"197","CDC130","BE-003",2024,31,"2024-07-31","LC","L","Tarsalis",48,1,TRUE,TRUE,NA,"BE","old + new"
"198","CDC131","BE-003",2024,31,"2024-07-31","LC","L","Tarsalis",3,0,TRUE,FALSE,NA,"BE","old + new"
"199","CDC132","BE-003",2024,31,"2024-07-31","LC","L","Tarsalis",50,0,TRUE,FALSE,NA,"BE","old + new"
"200","CSU00000","BE-003",2024,31,"2024-07-31","LC","L","Pipiens",0,NA,NA,NA,NA,"BE","old + new"
"201","CDC137","BE-004",2024,31,"2024-07-31","LC","L","Tarsalis",50,1,TRUE,TRUE,NA,"BE","old + new"
"202","CDC139","BE-004",2024,31,"2024-07-31","LC","L","Tarsalis",50,0,TRUE,FALSE,NA,"BE","old + new"
"203","CDC140","BE-004",2024,31,"2024-07-31","LC","L","Tarsalis",50,0,TRUE,FALSE,NA,"BE","old + new"
"204","CDC145","BE-004",2024,31,"2024-07-31","LC","L","Tarsalis",50,0,TRUE,FALSE,NA,"BE","old + new"
"205","CDC148","BE-004",2024,31,"2024-07-31","LC","L","Tarsalis",4,0,TRUE,FALSE,NA,"BE","old + new"
"206","CDC149","BE-004",2024,31,"2024-07-31","LC","L","Tarsalis",50,0,TRUE,FALSE,NA,"BE","old + new"
"207","CDC150","BE-004",2024,31,"2024-07-31","LC","L","Tarsalis",32,1,TRUE,TRUE,NA,"BE","old + new"
"208","CDC138","BE-004",2024,31,"2024-07-31","LC","L","Pipiens",44,0,TRUE,FALSE,NA,"BE","old + new"
"209","CDC146","BE-004",2024,31,"2024-07-31","LC","L","Pipiens",50,1,TRUE,TRUE,NA,"BE","old + new"
"210","CDC133","BE-005",2024,31,"2024-07-31","LC","L","Tarsalis",50,0,TRUE,FALSE,NA,"BE","old + new"
"211","CDC134","BE-005",2024,31,"2024-07-31","LC","L","Tarsalis",29,0,TRUE,FALSE,NA,"BE","old + new"
"212","CDC135","BE-005",2024,31,"2024-07-31","LC","L","Tarsalis",6,0,TRUE,FALSE,NA,"BE","old + new"
"213","CDC136","BE-005",2024,31,"2024-07-31","LC","L","Pipiens",4,0,TRUE,FALSE,NA,"BE","old + new"
"214","CSU22543","LC-001",2024,31,"2024-07-31","LC","L","Tarsalis",50,0,TRUE,FALSE,NA,"BE","old + new"
"215","CSU22544","LC-001",2024,31,"2024-07-31","LC","L","Tarsalis",50,1,TRUE,TRUE,NA,"BE","old + new"
"216","CSU22545","LC-001",2024,31,"2024-07-31","LC","L","Tarsalis",47,0,TRUE,FALSE,NA,"BE","old + new"
"217","CSU22546","LC-001",2024,31,"2024-07-31","LC","L","Pipiens",8,0,TRUE,FALSE,NA,"BE","old + new"
"218","CSU22527","LC-049",2024,31,"2024-07-31","LC","L","Tarsalis",50,0,TRUE,FALSE,NA,"BE","old + new"
"219","CSU22528","LC-049",2024,31,"2024-07-31","LC","L","Tarsalis",17,0,TRUE,FALSE,NA,"BE","old + new"
"220","CSU00000","LC-049",2024,31,"2024-07-31","LC","L","Pipiens",0,NA,NA,NA,NA,"BE","old + new"
"221","CSU22523","LC-053",2024,31,"2024-07-31","LC","L","Tarsalis",42,0,TRUE,FALSE,NA,"BE","old + new"
"222","CSU00000","LC-053",2024,31,"2024-07-31","LC","L","Pipiens",0,NA,NA,NA,NA,"BE","old + new"
"223","CSU22520","LC-054",2024,31,"2024-07-31","LC","L","Tarsalis",50,0,TRUE,FALSE,NA,"BE","old + new"
"224","CSU22521","LC-054",2024,31,"2024-07-31","LC","L","Tarsalis",6,0,TRUE,FALSE,NA,"BE","old + new"
"225","CSU22522","LC-054",2024,31,"2024-07-31","LC","L","Pipiens",3,0,TRUE,FALSE,NA,"BE","old + new"
"226","CSU22524","WC-055",2024,31,"2024-07-31","LC","L","Tarsalis",11,0,TRUE,FALSE,NA,"BE","old + new"
"227","CSU00000","WC-055",2024,31,"2024-07-31","LC","L","Pipiens",0,NA,NA,NA,NA,"BE","old + new"
"228","CDC151","BE-001",2024,32,"2024-08-07","LC","L","Tarsalis",50,0,TRUE,FALSE,NA,"BE","old + new"
"229","CDC152","BE-001",2024,32,"2024-08-07","LC","L","Tarsalis",50,0,TRUE,FALSE,NA,"BE","old + new"
"230","CDC156","BE-001",2024,32,"2024-08-07","LC","L","Tarsalis",39,0,TRUE,TRUE,NA,"BE","old + new"
"231","CDC159","BE-001",2024,32,"2024-08-07","LC","L","Tarsalis",11,0,TRUE,FALSE,NA,"BE","old + new"
"232","CDC160","BE-001",2024,32,"2024-08-07","LC","L","Pipiens",11,0,TRUE,FALSE,NA,"BE","old + new"
"233","CDC161","BE-001",2024,32,"2024-08-07","LC","L","Pipiens",3,0,TRUE,FALSE,NA,"BE","old + new"
"234","CDC158","BE-002",2024,32,"2024-08-07","LC","L","Tarsalis",7,0,TRUE,FALSE,NA,"BE","old + new"
"235","CSU00000","BE-002",2024,32,"2024-08-07","LC","L","Pipiens",0,NA,NA,NA,NA,"BE","old + new"
"236","CDC162","BE-003",2024,32,"2024-08-07","LC","L","Tarsalis",16,0,TRUE,FALSE,NA,"BE","old + new"
"237","CDC163","BE-003",2024,32,"2024-08-07","LC","L","Tarsalis",4,0,TRUE,TRUE,NA,"BE","old + new"
"238","CSU00000","BE-003",2024,32,"2024-08-07","LC","L","Pipiens",0,NA,NA,NA,NA,"BE","old + new"
"239","CDC166","BE-004",2024,32,"2024-08-07","LC","L","Tarsalis",7,0,TRUE,FALSE,NA,"BE","old + new"
"240","CDC167","BE-004",2024,32,"2024-08-07","LC","L","Tarsalis",50,0,TRUE,FALSE,NA,"BE","old + new"
"241","CDC168","BE-004",2024,32,"2024-08-07","LC","L","Tarsalis",50,1,TRUE,TRUE,NA,"BE","old + new"
"242","CDC169","BE-004",2024,32,"2024-08-07","LC","L","Tarsalis",6,0,TRUE,FALSE,NA,"BE","old + new"
"243","CDC164","BE-004",2024,32,"2024-08-07","LC","L","Pipiens",2,0,TRUE,FALSE,NA,"BE","old + new"
"244","CDC165","BE-004",2024,32,"2024-08-07","LC","L","Pipiens",43,1,TRUE,TRUE,NA,"BE","old + new"
"245","CDC154","BE-005",2024,32,"2024-08-07","LC","L","Tarsalis",6,0,TRUE,FALSE,NA,"BE","old + new"
"246","CDC155","BE-005",2024,32,"2024-08-07","LC","L","Tarsalis",50,0,TRUE,FALSE,NA,"BE","old + new"
"247","CDC157","BE-005",2024,32,"2024-08-07","LC","L","Tarsalis",9,0,TRUE,FALSE,NA,"BE","old + new"
"248","CDC153","BE-005",2024,32,"2024-08-07","LC","L","Pipiens",2,0,TRUE,FALSE,NA,"BE","old + new"
"249","CSU22648","LC-001",2024,32,"2024-08-07","LC","L","Tarsalis",50,0,TRUE,FALSE,NA,"BE","old + new"
"250","CSU22649","LC-001",2024,32,"2024-08-07","LC","L","Tarsalis",5,0,TRUE,TRUE,NA,"BE","old + new"
"251","CSU22650","LC-001",2024,32,"2024-08-07","LC","L","Pipiens",20,0,TRUE,FALSE,NA,"BE","old + new"
"252","CSU22651","LC-049",2024,32,"2024-08-07","LC","L","Tarsalis",50,0,TRUE,FALSE,NA,"BE","old + new"
"253","CSU22652","LC-049",2024,32,"2024-08-07","LC","L","Tarsalis",11,0,TRUE,TRUE,NA,"BE","old + new"
"254","CSU00000","LC-049",2024,32,"2024-08-07","LC","L","Pipiens",0,NA,NA,NA,NA,"BE","old + new"
"255","CSU22644","LC-053",2024,32,"2024-08-07","LC","L","Tarsalis",46,0,TRUE,FALSE,NA,"BE","old + new"
"256","CSU00000","LC-053",2024,32,"2024-08-07","LC","L","Pipiens",0,NA,NA,NA,NA,"BE","old + new"
"257","CSU22645","LC-054",2024,32,"2024-08-07","LC","L","Tarsalis",39,0,TRUE,FALSE,NA,"BE","old + new"
"258","CSU22646","LC-054",2024,32,"2024-08-07","LC","L","Pipiens",7,0,TRUE,FALSE,NA,"BE","old + new"
"259","CSU22647","WC-055",2024,32,"2024-08-07","LC","L","Tarsalis",4,0,TRUE,TRUE,NA,"BE","old + new"
"260","CSU00000","WC-055",2024,32,"2024-08-07","LC","L","Pipiens",0,NA,NA,NA,NA,"BE","old + new"
"261","CDC174","BE-001",2024,33,"2024-08-14","LC","L","Tarsalis",50,0,TRUE,FALSE,NA,"BE","old + new"
"262","CDC175","BE-001",2024,33,"2024-08-14","LC","L","Tarsalis",34,0,TRUE,FALSE,NA,"BE","old + new"
"263","CDC176","BE-001",2024,33,"2024-08-14","LC","L","Tarsalis",6,0,TRUE,TRUE,NA,"BE","old + new"
"264","CDC177","BE-001",2024,33,"2024-08-14","LC","L","Pipiens",4,0,TRUE,TRUE,NA,"BE","old + new"
"265","CDC172","BE-002",2024,33,"2024-08-14","LC","L","Tarsalis",23,1,TRUE,TRUE,NA,"BE","old + new"
"266","CDC173","BE-002",2024,33,"2024-08-14","LC","L","Tarsalis",30,0,TRUE,FALSE,NA,"BE","old + new"
"267","CSU00000","BE-002",2024,33,"2024-08-14","LC","L","Pipiens",0,NA,NA,NA,NA,"BE","old + new"
"268","CDC170","BE-003",2024,33,"2024-08-14","LC","L","Tarsalis",4,0,TRUE,TRUE,NA,"BE","old + new"
"269","CDC171","BE-003",2024,33,"2024-08-14","LC","L","Pipiens",4,0,TRUE,TRUE,NA,"BE","old + new"
"270","CDC180","BE-004",2024,33,"2024-08-14","LC","L","Tarsalis",11,0,TRUE,TRUE,NA,"BE","old + new"
"271","CDC181","BE-004",2024,33,"2024-08-14","LC","L","Tarsalis",33,0,TRUE,FALSE,NA,"BE","old + new"
"272","CDC182","BE-004",2024,33,"2024-08-14","LC","L","Pipiens",37,0,TRUE,FALSE,NA,"BE","old + new"
"273","CDC183","BE-004",2024,33,"2024-08-14","LC","L","Pipiens",13,0,TRUE,FALSE,NA,"BE","old + new"
"274","CDC178","BE-005",2024,33,"2024-08-14","LC","L","Tarsalis",4,0,TRUE,TRUE,NA,"BE","old + new"
"275","CDC179","BE-005",2024,33,"2024-08-14","LC","L","Pipiens",1,0,TRUE,TRUE,NA,"BE","old + new"
"276","CSU22761","LC-001",2024,33,"2024-08-14","LC","L","Tarsalis",42,1,TRUE,TRUE,NA,"BE","old + new"
"277","CSU22762","LC-001",2024,33,"2024-08-14","LC","L","Pipiens",19,0,TRUE,FALSE,NA,"BE","old + new"
"278","CSU22755","LC-049",2024,33,"2024-08-14","LC","L","Tarsalis",29,0,TRUE,FALSE,NA,"BE","old + new"
"279","CSU22756","LC-049",2024,33,"2024-08-14","LC","L","Pipiens",5,0,TRUE,FALSE,NA,"BE","old + new"
"280","CSU22758","LC-053",2024,33,"2024-08-14","LC","L","Tarsalis",50,0,TRUE,FALSE,NA,"BE","old + new"
"281","CSU22759","LC-053",2024,33,"2024-08-14","LC","L","Tarsalis",6,0,TRUE,TRUE,NA,"BE","old + new"
"282","CSU22760","LC-053",2024,33,"2024-08-14","LC","L","Pipiens",2,0,TRUE,FALSE,NA,"BE","old + new"
"283","CSU22750","LC-054",2024,33,"2024-08-14","LC","L","Tarsalis",46,0,TRUE,FALSE,NA,"BE","old + new"
"284","CSU22751","LC-054",2024,33,"2024-08-14","LC","L","Pipiens",12,0,TRUE,FALSE,NA,"BE","old + new"
"285","CSU22757","WC-055",2024,33,"2024-08-14","LC","L","Tarsalis",8,0,TRUE,FALSE,NA,"BE","old + new"
"286","CSU00000","WC-055",2024,33,"2024-08-14","LC","L","Pipiens",0,NA,NA,NA,NA,"BE","old + new"
"287","CDC199","BE-001",2024,34,"2024-08-21","Larimer","L","Tarsalis",4,0,TRUE,FALSE,NA,"BE","old + new"
"288","CDC200","BE-001",2024,34,"2024-08-21","Larimer","L","Tarsalis",22,0,TRUE,FALSE,NA,"BE","old + new"
"289","CDC198","BE-001",2024,34,"2024-08-21","Larimer","L","Pipiens",1,0,TRUE,TRUE,NA,"BE","old + new"
"290","CDC190","BE-002",2024,34,"2024-08-21","Larimer","L","Tarsalis",17,0,TRUE,FALSE,NA,"BE","old + new"
"291","CDC191","BE-002",2024,34,"2024-08-21","Larimer","L","Tarsalis",3,0,TRUE,TRUE,NA,"BE","old + new"
"292","CDC192","BE-002",2024,34,"2024-08-21","Larimer","L","Pipiens",1,0,TRUE,TRUE,NA,"BE","old + new"
"293","CDC193","BE-003",2024,34,"2024-08-21","Larimer","L","Tarsalis",2,0,TRUE,TRUE,NA,"BE","old + new"
"294","CDC194","BE-003",2024,34,"2024-08-21","Larimer","L","Tarsalis",14,0,TRUE,FALSE,NA,"BE","old + new"
"295","CDC197","BE-003",2024,34,"2024-08-21","Larimer","L","Pipiens",4,0,TRUE,FALSE,NA,"BE","old + new"
"296","CDC201","BE-004",2024,34,"2024-08-21","Larimer","L","Tarsalis",47,1,TRUE,TRUE,NA,"BE","old + new"
"297","CDC202","BE-004",2024,34,"2024-08-21","Larimer","L","Tarsalis",3,0,TRUE,FALSE,NA,"BE","old + new"
"298","CDC186","BE-004",2024,34,"2024-08-21","Larimer","L","Pipiens",9,0,TRUE,FALSE,NA,"BE","old + new"
"299","CDC203","BE-004",2024,34,"2024-08-21","Larimer","L","Pipiens",50,0,TRUE,FALSE,NA,"BE","old + new"
"300","CDC204","BE-004",2024,34,"2024-08-21","Larimer","L","Pipiens",50,1,TRUE,TRUE,NA,"BE","old + new"
"301","CDC205","BE-004",2024,34,"2024-08-21","Larimer","L","Pipiens",22,0,TRUE,FALSE,NA,"BE","old + new"
"302","CDC188","BE-005",2024,34,"2024-08-21","Larimer","L","Tarsalis",7,0,TRUE,TRUE,NA,"BE","old + new"
"303","CDC189","BE-005",2024,34,"2024-08-21","Larimer","L","Pipiens",1,0,TRUE,TRUE,NA,"BE","old + new"
"304","CSU22879","LC-001",2024,34,"2024-08-21","LC","L","Tarsalis",7,0,TRUE,TRUE,NA,"BE","old + new"
"305","CSU00000","LC-001",2024,34,"2024-08-21","LC","L","Pipiens",0,NA,NA,NA,NA,"BE","old + new"
"306","CSU22894","LC-049",2024,34,"2024-08-21","LC","L","Tarsalis",19,0,TRUE,TRUE,NA,"BE","old + new"
"307","CSU22895","LC-049",2024,34,"2024-08-21","LC","L","Pipiens",1,0,TRUE,TRUE,NA,"BE","old + new"
"308","CSU22876","LC-053",2024,34,"2024-08-21","LC","L","Tarsalis",50,0,TRUE,FALSE,NA,"BE","old + new"
"309","CSU22877","LC-053",2024,34,"2024-08-21","LC","L","Tarsalis",7,0,TRUE,TRUE,NA,"BE","old + new"
"310","CSU22878","LC-053",2024,34,"2024-08-21","LC","L","Pipiens",1,0,TRUE,TRUE,NA,"BE","old + new"
"311","CSU22874","LC-054",2024,34,"2024-08-21","LC","L","Tarsalis",11,0,TRUE,TRUE,NA,"BE","old + new"
"312","CSU22875","LC-054",2024,34,"2024-08-21","LC","L","Pipiens",3,0,TRUE,TRUE,NA,"BE","old + new"
"313","CSU22880","WC-055",2024,34,"2024-08-21","LC","L","Tarsalis",2,0,TRUE,TRUE,NA,"BE","old + new"
"314","CSU22881","WC-055",2024,34,"2024-08-21","LC","L","Pipiens",1,0,TRUE,TRUE,NA,"BE","old + new"
"315","CDC208","BE-001",2024,35,"2024-08-28","Larimer","L","Tarsalis",1,0,TRUE,FALSE,NA,"BE","old + new"
"316","CDC209","BE-001",2024,35,"2024-08-28","Larimer","L","Tarsalis",29,0,TRUE,FALSE,NA,"BE","old + new"
"317","CDC207","BE-001",2024,35,"2024-08-28","Larimer","L","Pipiens",3,0,TRUE,TRUE,NA,"BE","old + new"
"318","CSU00000","BE-002",2024,35,"2024-08-28","Larimer","L","Tarsalis",0,NA,NA,NA,NA,"BE","old + new"
"319","CDC206","BE-002",2024,35,"2024-08-28","Larimer","L","Pipiens",1,0,TRUE,FALSE,NA,"BE","old + new"
"320","CSU00000","BE-003",2024,35,"2024-08-28","Larimer","L","Tarsalis",0,NA,NA,NA,NA,"BE","old + new"
"321","CDC210","BE-003",2024,35,"2024-08-28","Larimer","L","Pipiens",1,0,TRUE,TRUE,NA,"BE","old + new"
"322","CDC211","BE-003",2024,35,"2024-08-28","Larimer","L","Pipiens",9,0,TRUE,FALSE,NA,"BE","old + new"
"323","CDC212","BE-004",2024,35,"2024-08-28","Larimer","L","Tarsalis",2,0,TRUE,FALSE,NA,"BE","old + new"
"324","CDC213","BE-004",2024,35,"2024-08-28","Larimer","L","Pipiens",9,0,TRUE,FALSE,NA,"BE","old + new"
"325","CSU22992","LC-001",2024,35,"2024-08-28","LC","L","Tarsalis",5,0,TRUE,TRUE,NA,"BE","old + new"
"326","CSU22993","LC-001",2024,35,"2024-08-28","LC","L","Pipiens",14,0,TRUE,FALSE,NA,"BE","old + new"
"327","CSU22994","LC-049",2024,35,"2024-08-28","LC","L","Tarsalis",7,0,TRUE,FALSE,NA,"BE","old + new"
"328","CSU00000","LC-049",2024,35,"2024-08-28","LC","L","Pipiens",0,NA,NA,NA,NA,"BE","old + new"
"329","CSU22988","LC-053",2024,35,"2024-08-28","LC","L","Tarsalis",4,0,TRUE,FALSE,NA,"BE","old + new"
"330","CSU22989","LC-053",2024,35,"2024-08-28","LC","L","Pipiens",1,0,TRUE,TRUE,NA,"BE","old + new"
"331","CSU22986","LC-054",2024,35,"2024-08-28","LC","L","Tarsalis",10,0,TRUE,FALSE,NA,"BE","old + new"
"332","CSU22987","LC-054",2024,35,"2024-08-28","LC","L","Pipiens",13,0,TRUE,FALSE,NA,"BE","old + new"
"333","CSU22990","WC-055",2024,35,"2024-08-28","LC","L","Tarsalis",5,0,TRUE,FALSE,NA,"BE","old + new"
"334","CSU22991","WC-055",2024,35,"2024-08-28","LC","L","Pipiens",1,0,TRUE,FALSE,NA,"BE","old + new"
